IDAI,560179200
ELAB,325823900
NVDA,190287600
RGTI,126719100
IMG,114511300
SMCI,95313000
MARA,91188000
VSEE,87714300
RIVN,81743600
ZENA,80371300
NIO,71245200
INTC,69613500
IBIT,67423300
BSFC,67064000
TSLA,62295800
KSS,58872300
LCID,51932400
OPEN,51618900
TOYO,49091000
BITF,48087400
MSTR,47891000
F,47458700
PLTR,46923500
AAPL,45986100
QUBT,45862300
PLUG,45523700
AMZN,41673700
SMST,41647600
RKLB,41464000
SOUN,40536600
TSLL,40477600
PDYN,39615600
ACHR,39613000
SOFI,38184300
CLSK,37181100
HSAI,36501600
TSLZ,35612100
XTIA,34942700
TQQQ,34873600
NU,34490000
MDAI,33998700
SVMH,33973300
SAVA,33142300
PFE,33001000
QBTS,32245900
AMD,32092300
TLT,31122200
BAC,30301500
PSTX,30136900
T,30080300
ASPI,28925900
SNAP,27809500
GOLD,27768300
WBD,27346600
EYEN,27120700
DEVS,26881100
BTBT,26720100
QQQ,26557000
WULF,26507400
RIOT,26449900
GM,25817300
SQQQ,24916900
GME,24657300
LESL,24550100
TNXP,23953600
ERIC,23691600
VALE,23544700
MSFT,23458800
TSLQ,22951400
XXII,22819400
IONQ,22521800
AGNC,22242000
BBD,21842000
AAL,21625300
AMC,21620400
JOBY,21516700
TLRY,21482600
ITUB,21295400
CCL,20993000
AES,20868700
JBLU,20625800
GOOGL,20486700
GRAB,20366400
HIMS,19613500
MU,19275600
WFC,19139000
CMCSA,18392600
CAN,18227600
CNH,18210800
IREN,17683600
WBA,17438100
VZ,17247000
FUBO,17031500
AMGN,17010300
IQ,16677600
WMT,16657000
HOOD,16612100
LUNR,16358800
AVGO,16308700
CRKN,16136800
APLD,16050800
AMCR,15969400
PTON,15825700
LX,15639900
WOLF,15475400
MPW,15392000
GOOG,14937400
KGC,14871600
XOM,14827300
STLA,14663100
RIG,14656700
CLF,14605000
AGRI,14603600
KO,14473200
CSCO,14209600
BP,14119900
NOK,14044800
YMM,14033800
MSTX,13852000
CVE,13823400
UBER,13704800
CORZ,13622200
ABEV,13571500
COIN,13215700
SUM,13200000
PARA,13048300
ZM,12886500
TSDD,12866900
BTE,12831800
DELL,12796200
TPR,12773600
QMCO,12757500
AKTS,12751600
BBAI,12478500
PBR,12433100
CDT,12375800
KVUE,12315600
JD,12297200
ET,12285500
OXY,12284500
FATE,12256800
HPQ,12112400
COP,12073600
PCG,11835700
FCX,11820900
ENLC,11809200
C,11605200
KMI,11272700
MAC,11257200
SLB,11192500
HAL,11141900
UAA,11089500
NVDL,10999900
NOVA,10993700
U,10878600
BB,10826300
LUMN,10804100
WDC,10728100
CELH,10645000
BBY,10598000
NEE,10563800
RCAT,10491800
META,10356500
MLGO,10312300
BABA,10241400
ZIM,10209300
TSM,10186500
DBGI,10157400
DVN,10083100
GGB,10068700
HL,10054800
TGT,9888200
CHPT,9886000
QSI,9814100
ZETA,9760200
MQ,9744300
UMC,9701700
PINS,9664200
CSX,9605800
KDP,9592900
FLNC,9581000
AUR,9537500
NKE,9495600
QCOM,9489800
LYFT,9460300
TNYA,9404200
CIFR,9376600
MRK,9324000
CX,9261900
QS,9248100
VCSH,9241300
DOW,9225300
PRZO,9207800
CONL,9190500
OKLO,9133300
HBAN,9103300
DJT,9089200
RLX,9082200
TOI,9030500
MRVL,9016200
VLY,8978500
AFRM,8839500
MS,8817200
MCHP,8778200
HBI,8765400
BBWI,8740400
MDLZ,8706100
CON,8703400
BE,8654100
SMR,8647600
MVST,8643200
CERO,8642700
KHC,8526800
RXRX,8515800
ETHA,8504300
LYG,8387600
TEVA,8369300
SGMO,8343000
UAL,8317500
HPE,8299300
PAGS,8297200
ASTS,8295000
BEKE,8272500
VCIT,8261200
BA,8234900
CDIO,8222100
KEY,8209900
BCS,8174000
ALEC,8130300
M,8097500
PR,8052900
ARWR,8052100
SHOP,8028900
HST,8026800
VSH,7992000
UGI,7975000
CNK,7899400
CVS,7885100
SQ,7855200
MO,7787200
RDDT,7697100
GAP,7695500
VRT,7680900
SNOW,7669600
HR,7667100
EQT,7663400
VTYX,7611600
ESPR,7582900
TOST,7433400
BMY,7432800
PDD,7430300
VTRS,7419500
LRCX,7385200
TSHA,7377900
CVX,7369900
WMB,7363100
INFY,7339600
NCLH,7312500
TFC,7296700
CNQ,7248900
MRNA,7248900
RUN,7227400
CPRI,7222200
NKLA,7163000
V,7071500
SU,7032600
CGTX,7019600
CRWD,6951300
ABBV,6947500
RBLX,6919300
PTEN,6904900
SMTC,6885000
NLY,6818500
VRN,6816600
CLVT,6814000
DIS,6808100
OPK,6789900
AG,6773300
NVO,6761300
XP,6726900
FSM,6671700
STNE,6651000
CMG,6629700
LLY,6622600
BTU,6621500
VUZI,6608600
SHY,6597200
ADI,6569000
SBUX,6558200
PPL,6555700
MYE,6520700
AMAT,6517000
PATH,6510700
FFIE,6498500
DAN,6496900
TDOC,6427400
ORCL,6427200
EDR,6397600
ONB,6392700
NEM,6383600
TSLS,6328900
LAES,6328200
PG,6276900
XPEV,6257900
ZI,6236500
JPM,6212100
AVTR,6181700
STM,6140300
CHRS,6098900
CDE,6053300
RF,6036300
TME,6010600
MNKD,5996300
LUV,5992900
RUM,5989000
CP,5979900
HTZ,5967500
PACB,5964500
AI,5955400
NWL,5946800
ALTM,5881000
SHLS,5863500
EXAS,5857200
SMTK,5843400
LVS,5795600
USB,5767500
CFLT,5739000
UPST,5729300
CARR,5718700
FLEX,5705200
MDT,5702500
DKNG,5694000
JNJ,5683400
COTY,5655200
NNE,5637800
RDFN,5632700
ASX,5618200
CRH,5616500
PYPL,5610400
SRE,5602000
EXC,5591700
CNC,5544000
BND,5538200
ROIV,5509300
DAL,5499600
SBSW,5483900
KDLY,5463300
VOD,5462800
ELAN,5445600
IGSB,5431700
AU,5430700
IOVA,5417800
POET,5363100
VST,5331000
GT,5325300
DAY,5322400
ALLO,5295100
CAG,5294300
TXN,5260400
QMMM,5256200
NFE,5238100
HIVE,5221300
VKTX,5187400
IGF,5183600
IAG,5178600
ON,5136800
EVLV,5130500
SCHW,5121000
FITB,5110000
WOOF,5101900
IEF,5093000
CGC,5067200
SLM,5048500
NTNX,5041600
VGLT,5032400
ANF,5018200
SMH,4996400
NVTS,4986900
BKR,4985700
EVGO,4975500
IPG,4972300
OKE,4953000
CABA,4921000
HNST,4891200
BLND,4872300
HLN,4856800
PAYO,4854900
EPD,4847600
MBLY,4817800
STFS,4802700
EL,4799400
IFBD,4778000
EMB,4765500
HUT,4740800
FTNT,4729200
TJX,4724900
LAC,4699400
CPNG,4689700
APA,4680400
CTRA,4676900
NXE,4676700
ALIT,4675400
NRG,4662400
PEP,4653800
BORR,4646200
EW,4643300
SUZ,4625500
APH,4606600
PL,4596100
ARRY,4594200
ADT,4588100
HPP,4582900
ZTO,4582200
AGL,4577700
D,4577000
ETSY,4570700
ENB,4560200
FTI,4553600
CPRT,4528000
LI,4526800
KC,4520100
CRM,4492700
NVDD,4490700
JWN,4457000
IP,4450000
IBM,4449500
FLG,4449000
JCI,4447900
APP,4442100
ENPH,4432000
MNST,4411500
GILD,4406400
UGP,4403200
CNP,4399000
CL,4380700
PFF,4369700
DDOG,4365600
SHO,4351400
ALAB,4343800
URBN,4335000
AZN,4334500
BBIO,4317400
BLDP,4311200
BAX,4311100
BSX,4284400
MOS,4273100
ENVX,4262400
CHGG,4254900
APTV,4252100
ZUO,4230000
CDZI,4208600
OWL,4204000
HON,4203200
GSK,4194600
WDAY,4189900
BZ,4187000
MYNZ,4157500
W,4146000
DXCM,4142000
FHN,4134700
HDB,4126500
BILI,4124500
S,4108700
MVIS,4090300
OXLC,4069000
EXK,4061600
ABT,4056800
MTEM,4038400
BYND,3994600
SEDG,3987000
WIT,3986000
FRO,3985700
CTVA,3959100
X,3943200
IBN,3933100
GLW,3926700
GE,3918900
FOXA,3916700
SJM,3914100
AKBA,3908100
GOEV,3907600
HTHT,3901700
ARCC,3898200
BLNK,3892700
JMIA,3888300
GEVO,3885400
CEG,3881600
VFC,3880600
CLOV,3868100
AEO,3851000
SERV,3846400
MAT,3844800
DKS,3821900
GENI,3806600
CHWY,3786000
EQNR,3782300
GERN,3781100
TAL,3775800
KODK,3768900
BTDR,3739900
WW,3731400
COMP,3715000
VTR,3710800
KR,3694800
PAA,3687800
BGC,3680100
KOS,3673400
NVAX,3672200
FL,3661900
PSNY,3658900
GIS,3642500
AIG,3640900
GEO,3633500
AA,3632500
JEPQ,3628900
SHEL,3616900
KIM,3605100
AQN,3600400
VICI,3589500
NCPL,3586900
AEG,3586200
ENSC,3573600
DOCS,3571100
EVH,3569000
HOVR,3550600
OLPX,3532800
SO,3509200
TTD,3505500
CRBG,3502500
UWMC,3471000
ICE,3464200
PM,3462700
EOSE,3447800
A,3444100
COUR,3442500
TSLT,3434200
BFLY,3427500
MBB,3426400
UPS,3424900
KT,3420000
HBM,3416600
BEN,3406100
ROKU,3405400
SRPT,3403400
AMDL,3398900
BLUE,3380800
PLD,3367100
VSAT,3356900
QD,3355800
DOC,3352300
PAAS,3336200
BRK.B,3331900
CLDX,3325100
MRVI,3322300
OVV,3314300
WU,3314100
UNP,3305300
APLS,3302000
BCE,3286100
ULCC,3279100
TCOM,3275300
MP,3269600
SHV,3266000
ATRO,3259300
EMR,3254700
TMUS,3251000
COMM,3245200
BK,3239900
CRNC,3239100
VRPX,3238000
FIGS,3237300
ABNB,3228400
EDIT,3228300
HMY,3220700
KKR,3211400
BX,3205500
DG,3195600
EBAY,3192700
DLTR,3182500
RTX,3176000
FUN,3173000
REAL,3156000
XEL,3155800
NFLX,3138200
BIDU,3131700
EOG,3129800
HGV,3129800
ACI,3124800
VIPS,3120700
SABR,3113500
PDBC,3105700
CNSP,3104100
MRSN,3094300
TU,3091000
VMBS,3086300
MMM,3080200
HAO,3076800
SBH,3076000
MET,3073400
PBR.A,3072200
SYRS,3065700
SBRA,3051800
LYB,3047100
APPS,3043400
ARDX,3040100
O,3038800
CCJ,3037300
SNY,3035800
INFA,3033900
TXG,3032300
APVO,3027900
AMH,3025700
ADM,3017000
BARK,3014200
GTES,3007300
SIRI,3006100
IBRX,2991600
ALLY,2988900
HUMA,2979000
NAT,2967200
ICLN,2966900
FRSH,2964500
RITM,2956900
DMN,2951600
TWG,2937000
YPF,2934100
PGHL,2932100
LXRX,2931700
MAXN,2925800
SYF,2924100
RSI,2920700
KURA,2915800
CCI,2914000
MTCH,2911400
AAOI,2906600
KNX,2901900
RKT,2900400
CRDO,2883400
MCRB,2880800
OKTA,2875500
WELL,2874700
GEN,2871100
CTV,2868900
UPWK,2868200
PANW,2860500
MGM,2852100
DUK,2850600
GS,2846900
DRH,2846800
JNPR,2835800
CTSH,2828800
KD,2826500
OTLY,2814800
OSCR,2810700
BLDE,2799100
NRDY,2799000
CRBU,2793300
LPSN,2791600
BRZE,2788900
SOXX,2783800
OGN,2776000
TGTX,2770200
TERN,2767400
ARQT,2766600
CART,2762800
ARMK,2760600
HD,2758500
UDR,2758300
IVZ,2756700
CME,2752800
AR,2751400
ROST,2742900
DASH,2741000
VXUS,2737300
SLG,2734600
APO,2733700
INDI,2728300
BNDX,2725300
SMCX,2723500
STZ,2715300
SYY,2710100
PSX,2705500
BTI,2696600
UNH,2693600
DOCU,2691100
IUSB,2687900
WEN,2685000
LAZR,2684900
AVXL,2679700
NTAP,2670100
SVC,2661200
SPOT,2660700
PEG,2657700
FIS,2646100
STI,2632400
IGIB,2631000
UE,2618100
COHR,2610100
EXE,2605400
ARM,2605000
LIN,2600000
DDD,2597900
MHUA,2591100
FTV,2588800
CFG,2582100
PSEC,2573900
IRWD,2563100
BCTX,2556200
DBI,2555500
OUT,2555500
CRNT,2553900
SW,2552000
NUVB,2551800
ZTS,2539500
INVH,2538800
CCCS,2531600
HLF,2527300
WKHS,2526700
ROL,2523800
VSTS,2523500
ADSK,2519900
GNW,2509000
ONON,2507600
MULN,2502300
BF.B,2499500
BUD,2493500
MODG,2487600
RDY,2485900
LGCL,2479000
ING,2478700
NXPI,2476600
APLT,2471800
FANG,2466800
PTIX,2452000
YUMC,2448300
NBIS,2444500
ILMN,2440700
SEM,2438900
ED,2435300
LBTYA,2428000
PTLE,2425300
LOW,2422200
CE,2417400
ADBE,2415700
STX,2412500
BLBD,2410800
DBX,2404600
VIK,2401300
RERE,2395000
SE,2389600
FSLY,2389000
NVST,2382600
EAF,2379100
DHR,2377700
OCGN,2374700
BIGC,2373900
BYON,2371500
REXR,2370900
KWE,2370000
AMBA,2367700
PYXS,2366300
CPB,2366200
WY,2365400
NET,2365100
SRAD,2362300
ERJ,2361900
VCLT,2358300
SAN,2356400
ORC,2354900
BHP,2354100
QRVO,2353800
Z,2350800
BRY,2348800
DD,2347200
PCOR,2346200
HE,2340900
LYV,2338100
TD,2331800
COF,2327400
MA,2326700
GLNG,2326100
LMND,2317600
MLCO,2314800
CZR,2313300
HRL,2312200
LU,2309400
GPK,2307500
KMB,2305100
BWA,2298800
DT,2294200
BNGO,2293200
VGIT,2290200
AAP,2282900
SCZ,2282400
SUPV,2281000
QYLD,2280400
AEP,2277600
SBLK,2277200
SAND,2275100
NEXT,2274500
HCP,2272200
RLJ,2271700
VZIO,2267700
CMS,2265700
LBRT,2264400
CG,2262500
IRT,2257800
DAR,2257400
CTRE,2254400
MCD,2254300
NOV,2241500
SDVY,2237900
DXYZ,2237200
REPL,2236700
OPCH,2231500
SHC,2231500
SMRT,2226400
CXM,2224500
CBRE,2216600
HSIC,2207600
MDU,2206200
STEM,2200800
BHC,2193100
SNRE,2191300
CNM,2190400
STT,2184700
MIR,2179500
EQC,2178300
NTLA,2178000
BDX,2176500
BLRX,2175900
RVNC,2175400
KLG,2169000
MOBX,2168200
WRBY,2166600
AMX,2162700
GFS,2160000
ALGM,2158600
LBTYK,2157800
PSTG,2154300
AGI,2147100
PRMB,2146300
ADMA,2140900
LZ,2139600
ALT,2139100
HAYW,2137100
GBDC,2136900
TAP,2132600
PCAR,2131300
AXP,2130700
LAB,2129000
NAPA,2120300
ANET,2119800
UL,2118600
WTI,2117800
PGR,2114800
JBI,2111700
ACN,2106300
ATUS,2105000
TIGR,2098200
GLE,2097500
ETN,2096100
ENTG,2092400
QXO,2086200
TTE,2075900
MPC,2072200
BCOV,2071200
EMXC,2065000
OPI,2064200
FIVE,2061200
BN,2054300
GOGL,2052400
EIX,2052200
TBBB,2052000
ELF,2050200
NEP,2048200
ADTX,2044300
GEHC,2040800
SONO,2035000
BANC,2020200
BURL,2019800
BDN,2017500
UNIT,2015200
ALL,2010500
GEV,2007900
SNDL,2007700
FAST,2006700
RZLV,1999600
PDM,1999200
ACRS,1997300
LEN,1997200
NTR,1991700
RPRX,1991600
HOLX,1985200
CWAN,1981400
AXTA,1980300
TTEK,1976700
ABR,1973800
CNX,1973800
ALB,1973300
ALKT,1969400
SEAT,1968200
HOLO,1967800
TSSI,1966600
NDAQ,1964900
CTLT,1963900
AMPX,1963200
PD,1962800
DLR,1962600
BERY,1956000
QFIN,1953900
HWM,1947800
PCT,1947200
ASO,1943100
BRKR,1942900
EQH,1941400
GPN,1937000
MGA,1933600
CAVA,1931100
XRX,1928500
XRAY,1926600
GDDY,1925800
TVGN,1922300
MMC,1918400
MNMD,1916900
AMRN,1913800
CSGP,1913800
KRG,1912900
GH,1912500
GO,1911000
UA,1906700
AEM,1905400
RRC,1903100
IDYA,1901700
TPX,1899600
PNC,1897500
INOD,1897000
LEVI,1893900
ICAD,1893300
KN,1892200
SHW,1889300
ASB,1889100
WSC,1879900
ACMR,1879500
ASPN,1879000
AVPT,1872800
EMBC,1872700
FI,1868500
SWKS,1863800
BLMN,1862700
FCEL,1861500
EA,1859500
NI,1858200
ETR,1856500
WBUY,1856100
VGSH,1855400
EB,1854600
HRB,1854400
FNB,1854200
PLYA,1848300
ESTC,1846100
LXP,1845800
EC,1844000
MGY,1842800
AXL,1842100
BSCO,1840600
SLXN,1838600
OHI,1834900
CLBT,1834700
BJ,1831300
LW,1830800
DHI,1826300
IOT,1822500
DHT,1822300
MTC,1821200
API,1818700
TMC,1816400
DBRG,1816100
LSCC,1813000
SATS,1811300
BA-A,1807600
WYNN,1807400
AIOT,1807200
VITL,1806800
YUM,1805600
AUTL,1802400
OLO,1802300
FE,1801000
IBB,1800900
CIG,1798100
NRGV,1797500
NE,1797400
CAT,1796700
IXUS,1793300
CDW,1792700
AMT,1791400
FSLR,1790400
TTWO,1788400
APD,1785000
INTU,1784100
SONY,1783100
AESI,1780400
GES,1780200
LEGN,1775300
MLI,1774700
SKK,1773200
APDN,1772800
CVNA,1772200
BOX,1770300
MDB,1768300
TER,1768300
TVTX,1767100
RIO,1765000
PET,1763500
TWLO,1761900
ABCL,1757700
TMDX,1757300
OBDC,1754200
WSM,1750600
VIST,1748600
TMO,1748500
CF,1748200
RELY,1748000
STWD,1747500
DE,1747200
CTXR,1735300
TRGP,1733700
WWD,1729500
VLO,1728800
NUE,1728500
PGY,1728300
ICCM,1718800
AM,1715400
LNT,1715200
NWG,1710500
PENN,1708200
IBTG,1705500
VERU,1704100
ADPT,1702200
BBVA,1701400
GPRO,1701200
MT,1697400
CI,1695300
ACWI,1691500
CNSL,1688600
DINO,1685200
CAH,1684700
VRRM,1684300
AHR,1684100
XAIR,1681000
FLO,1679500
AKAM,1678600
NXT,1676700
DSX,1676100
TRIP,1672000
TSN,1669900
FDX,1669300
BGS,1668500
WPM,1664100
BAH,1661900
ABVE,1661100
VIGL,1660800
WMG,1658300
PDI,1656800
FND,1652700
CKPT,1652300
MTTR,1651800
PACS,1650200
YOU,1650000
PBI,1648700
ACVA,1645900
NNDM,1635400
CYH,1635100
ACHC,1632600
TECK,1631700
HAS,1631200
EVRG,1630300
BIVI,1627800
SPCE,1625400
COLD,1624000
CB,1623900
HAFN,1623600
MCHI,1623000
AMBP,1619300
LKQ,1617800
NWSA,1616700
RCL,1615600
CC,1614500
VSTO,1613400
ALGN,1612800
VRNS,1612800
ELV,1611200
CLS,1610600
GFI,1607900
KMX,1605600
FLYW,1605000
SES,1603600
CHX,1603200
APLE,1602100
BROS,1599900
OMER,1598600
FMC,1590500
NEOG,1588900
CCO,1588300
HRTX,1588200
ARES,1586500
BKD,1586500
USFD,1586200
TRP,1578000
CSIQ,1574700
HUN,1572100
SBFM,1558400
KOPN,1556500
HUM,1555900
TGNA,1552800
BMBL,1551700
VYX,1543900
DEO,1543600
ITRM,1542800
AJG,1538500
DVAX,1538400
CRGY,1537900
FOLD,1537400
VSCO,1537400
MGNI,1537200
XYL,1536300
NYT,1534100
ACB,1532400
ATEN,1528700
SLNO,1528600
MUR,1528300
EYE,1526000
SSNC,1524900
PHM,1520800
AQST,1520700
BG,1518200
CHRW,1513700
PTCT,1511800
DV,1507700
SG,1505700
DX,1504600
DECK,1503200
BSCQ,1501100
FIVN,1499600
CGTL,1496600
FREY,1494000
PGNY,1486400
GTLB,1486300
ESI,1483500
LGHL,1483400
TPG,1483300
ACET,1482100
PEB,1479100
INCY,1475600
QSR,1473600
VIAV,1472700
SFM,1470400
GOTU,1468500
YETI,1464100
SCI,1463400
ALKS,1462600
MDAIW,1460700
LOMA,1460000
MAR,1459000
SCLX,1456000
HMC,1455300
AS,1452800
AVDX,1450700
FDMT,1447000
RNAZ,1446900
UBS,1446900
BRFS,1445800
PHUN,1444500
CMA,1443700
VLRS,1443700
ARHS,1441200
TRU,1440700
COST,1438000
EFXT,1437600
ARCO,1437300
MAS,1437000
HES,1434700
SBS,1434700
VNO,1434500
BCRX,1432100
GDS,1430700
THC,1430500
SMLR,1430300
FUTU,1427200
PK,1427200
IR,1426700
JEF,1425400
ASML,1424000
NNOX,1421100
ES,1420800
SRRK,1418100
BIIB,1418000
FIP,1415100
INVZ,1414400
VET,1414400
INZY,1414200
KEYS,1404200
ASAN,1402300
GLBE,1401000
HALO,1400300
CWH,1399500
BILL,1398600
SITC,1397600
SGRY,1394300
SID,1392100
CDMO,1391400
KIND,1391000
KRC,1390700
XPO,1390200
AMZU,1389400
TOL,1388700
TBLA,1387500
UBXG,1387000
GSM,1386200
RVLV,1378600
MUFG,1376500
ANNX,1373000
GLPI,1372200
BRO,1371800
GNTX,1371400
IQV,1370000
CTAS,1369600
VLTO,1369000
HAIN,1368400
NKTR,1366900
PAYX,1366800
GRPN,1366000
PRCH,1363200
ROIC,1360100
OCUL,1359900
SYM,1358700
SPG,1358500
CCEP,1356900
VTWO,1356600
TV,1355800
CADE,1353700
GTN,1353500
VRCA,1352600
RILY,1351400
TALK,1346400
TEAM,1345800
LMT,1345700
UNCY,1344900
ALHC,1342600
IONS,1341100
TRV,1339100
SNDR,1339000
LEG,1338000
GOSS,1336600
NVS,1336400
MTZ,1336000
CUBE,1335500
SKX,1334700
AWK,1332900
NGNE,1332300
VVV,1330500
VRTX,1327700
VSTE,1322500
XERS,1321900
VXRT,1320800
WEAV,1320500
FLR,1318300
NN,1317800
CDP,1315700
ST,1315700
LNG,1314100
CROX,1313100
COO,1312100
TNDM,1311500
AZUL,1308900
IVVD,1308200
EXEL,1308100
TROW,1307600
HSY,1307500
INDV,1307300
UNM,1305000
LICN,1304000
COLB,1303500
MXL,1299800
SLDP,1293100
SWK,1290100
PUK,1289400
MPWR,1287300
FERG,1286900
PNR,1286300
TEL,1285500
HP,1285400
AME,1285000
SFIX,1284500
CLRO,1281600
SMMT,1279300
LDOS,1278500
ZS,1277400
LYRA,1273000
KVYO,1270100
ACGL,1269200
CLNE,1266100
RYAAY,1265200
LAAC,1263500
TALO,1262500
HCWB,1261700
WT,1261500
DEA,1261000
FNV,1261000
HOG,1261000
STAG,1259000
SGHC,1255300
PENG,1255100
ACAD,1254900
CHD,1254600
ADNT,1250400
PBF,1249900
DOUG,1247800
GNPX,1247700
BAM,1247500
LNTH,1246700
TXNM,1246200
MKC,1239300
AFL,1238600
MTG,1238200
LBRDK,1237800
LFST,1236000
TRMD,1235400
DFS,1233200
RJF,1232900
IFF,1232100
LYEL,1232000
TT,1229800
KITT,1229700
UP,1224700
VRNA,1223300
NVD,1223200
DLO,1222100
SANA,1222000
CNI,1221900
RC,1220300
CAPR,1219900
BNS,1217300
NKTX,1217000
BRX,1216700
JHG,1214100
CRK,1213400
EFC,1212900
RLAY,1212500
QBT.W,1212300
APG,1211500
ARBK,1211400
WM,1211000
LULU,1209400
RDW,1209400
GLYC,1208500
BZFD,1207300
CRMD,1206700
XFOR,1204400
TDUP,1202100
RNA,1200900
MCW,1200200
WEC,1197400
DNLI,1197300
ATKR,1195000
SMAR,1191300
TDS,1190000
CRSP,1189800
TPST,1189700
ESRT,1186700
MFC,1186700
NSC,1185700
FOUR,1185000
IGT,1183100
QRTEA,1183000
OTIS,1179900
MPLX,1177100
MWA,1176600
QQQM,1175700
VWOB,1174600
FA,1173800
AROC,1169600
BALL,1169300
BRBR,1167900
EBR,1166500
ROK,1164700
XPRO,1163900
DNB,1161600
GRMN,1160700
BOOT,1160100
FSK,1160000
GMAB,1157900
CALX,1157100
NTES,1155700
CHTR,1155100
CPRX,1152800
ISRG,1152800
WRB,1150300
AKR,1150000
BLDR,1149700
DTE,1148500
FIBK,1148500
FLUT,1148000
ALK,1145600
PRGO,1145600
TSLR,1145600
LITE,1144400
CDNS,1144000
BFRI,1143800
VONG,1142700
NNN,1142400
TC,1142200
CVI,1140100
INVA,1139500
CERS,1139200
MNSO,1138600
PRU,1138400
EXTR,1138300
KBR,1137100
DESP,1136000
ARE,1134800
WES,1133400
FOX,1130400
ATAI,1128300
CCK,1124400
K,1123400
FOXF,1121300
KTOS,1117700
TS,1114400
EFX,1114100
RES,1112700
VAL,1112500
FYBR,1111500
IRDM,1109800
BUR,1109500
GNL,1109100
HLT,1108100
LGF.B,1104900
INSM,1104500
FNF,1104400
LTBR,1104200
MDIA,1099700
WTRG,1099500
AMTM,1098000
GD,1095200
CWK,1094500
HITI,1092800
CYTK,1092100
PGEN,1092000
PFLT,1091400
LILAK,1090900
RYAN,1090800
BXMT,1090200
SMWB,1089700
IVCB,1089400
CDLX,1086600
CIEN,1086300
NARI,1084900
SXC,1083500
PNNT,1082700
RXO,1082600
UROY,1081400
SUI,1081200
LBPH,1078200
AZI,1077200
AMRX,1077000
SMG,1075600
RCUS,1075100
EQR,1071500
AZEK,1071000
AVDL,1070800
ODFL,1069700
SMX,1067300
CNDT,1065500
WBS,1065500
CSTM,1064700
ARR,1064300
STOK,1062000
MYGN,1061600
OMC,1061100
RCKT,1058600
MNTS,1057500
LFMD,1057400
BSJQ,1057300
HCA,1056500
IPSC,1055200
CIVI,1054700
DYN,1053800
PARR,1053200
PBA,1052900
CCCC,1052500
ADP,1048700
VMEO,1046200
HASI,1045600
VEEV,1044600
EDBL,1044300
HOUS,1043900
DNUT,1043700
ZBH,1043700
RMBS,1042200
VRDN,1041500
PLAY,1041400
ASC,1039700
PNW,1039200
OGI,1037400
GTX,1036100
GGG,1035500
HIG,1034300
ABSI,1033300
VCYT,1032300
ARQQ,1032200
CDXC,1030300
FTCI,1027900
ACCD,1027700
RNG,1026200
NINE,1023800
TBIL,1022000
SMPL,1021200
ELS,1019600
IRM,1018900
TWO,1018900
MAGN,1017800
WAT,1017500
MMS,1017100
SWTX,1015600
IMNM,1014800
SYK,1014500
RVTY,1013500
GGAL,1012600
ATEC,1012100
SM,1011800
GDRX,1010600
IVP,1008400
OUST,1007700
TRMB,1006000
TK,1005600
CERT,1003700
LUCD,1003000
AER,1002700
LANV,1002200
CAKE,1001300
MRNS,1001000
BMRN,999700
LTH,999600
MRC,999200
OS,998800
DRI,996100
INTR,995100
TECH,995000
SNV,992400
HTGC,992300
EXPE,991700
EMN,991100
CUTR,990900
LADR,990900
GTLS,990500
PRAX,990500
SN,989300
AMN,988400
G,988400
PTLO,988000
UHS,986700
ALNY,985900
IEI,985900
NGG,985900
SYRA,984300
ICCT,983100
ANGL,982700
ATAT,981300
BNL,980600
DB,979900
PPG,979900
RBRK,979200
COR,977900
VNET,977700
HUYA,977400
CUZ,976200
SIDU,975600
AON,974500
NPWR,974500
TEN,973900
ZGN,973900
GWAV,973700
TPIC,969700
NTRA,969200
STLD,969000
ICLR,968600
BXP,968300
KYMR,967400
OI,967100
MXCT,966900
WVE,965800
SEE,965700
RTO,965600
TAK,964800
VFLO,963500
AOSL,963400
QDEL,962100
CUK,959700
IHRT,958500
NTRS,958400
EDU,956200
PHAT,955200
J,953400
WCN,951200
AMKR,950400
PRME,950200
BTSG,949800
DHC,949000
NUWE,948300
SPGI,948000
RR,947700
IBKR,947400
AGCO,946600
CENX,945200
CLX,944600
MUI,943700
AY,942600
WPC,939100
DUO,938000
OLLI,937800
MDJH,936000
CRI,935900
BENF,935700
SFL,934600
CHRD,934000
MTDR,933200
SSRM,932800
JBHT,932200
PFG,931800
CNXC,931000
CDNA,929000
FLS,928600
FIHL,928400
ZWS,927100
PAGP,927000
ALC,925900
EWCZ,925500
VERV,925500
ZION,925200
KLAC,923400
OPTN,923200
DTM,921800
UDMY,921300
HLX,919700
DEI,919500
LAZ,917900
GPC,917500
TEF,917500
ALLE,916600
SOBO,916500
TCMD,916000
VVR,913900
HIMX,912600
GLUE,911100
EPRT,910600
WHR,910300
AISP,908100
TKO,907400
IMMR,906400
PCVX,906000
PDYNW,905500
WLDS,903400
NR,903300
FHB,900900
SNDX,900700
CGNX,900600
CLSKW,900000
SDGR,899900
EXPD,899200
EAT,899100
OLN,897100
MNRO,896600
NWE,895900
BEPC,894500
BKSY,892600
ETWO,891200
TEM,891000
PYCR,890000
FBIN,886900
BSCS,886600
HXL,885000
CPT,881500
ATI,881200
TW,881000
EBS,878400
SARO,878000
MFG,877900
DUOL,875600
EGY,872200
ASAI,870700
LQDA,870000
DK,869900
JPC,869900
RYTM,868800
PDCO,868500
KMT,866900
PZZA,865700
NAVI,865600
JBL,865400
TREX,864600
INMD,864300
PVH,863700
CVBF,861400
SHAK,861200
MBC,859600
PII,859600
STR,859500
KW,858200
VNOM,858000
PUMP,857800
DDL,857400
BEP,856600
TFFP,856300
DENN,854000
AAM,851800
PWR,851300
CTMX,851200
AOS,850700
TROX,850400
GWRE,850000
TXT,849700
NOC,849200
ULTA,848700
DXC,848500
FULC,848000
ORGO,846400
LINE,846100
DNA,845900
GRAL,843300
NVDS,843000
FWONK,842300
SVV,840100
CXAI,839400
SCCO,839400
BHVN,838400
VIR,836500
SVRA,836100
TNGX,836000
TANH,835600
RSG,835500
MASI,834200
TMCI,834000
VNT,833200
EGHT,833000
PPC,832600
LICY,832300
LC,831600
FBP,831300
IBG,829800
GRND,829500
NVEE,828900
ITW,828800
UIS,828300
LGF.A,827600
COGT,827300
LAMR,826500
WWW,826300
ASTL,825700
OPFI,825500
MFA,824900
AMSC,824800
SEIC,824600
SQM,824400
WYHG,824400
WDS,824300
WKC,823900
LEV,823300
ADTN,822500
OZK,822100
RHI,822100
ALV,819800
BBAR,817700
GCI,815500
ANGI,815300
TLN,812500
OLED,811400
HOMB,811100
IAS,810400
ANY,810000
ECL,809300
REZI,808300
PSN,808200
PECO,808100
GPRE,807400
NVT,807300
VFS,807100
CARG,806100
SAP,804800
CM,804500
STNG,804500
MAGS,804400
EH,804300
AEE,803500
PAR,803500
CWEN,802700
AZTA,802500
GCMG,802400
GOOS,801700
SARK,798800
OSUR,797700
BKKT,797300
SSL,797200
OC,796400
AUB,795900
ACWX,795300
TWI,794700
RL,793800
SON,793300
BHAT,792700
OGE,791900
FTSM,791200
BCYC,790900
LEA,790900
CRTO,790800
NOG,790400
RMTI,789000
CORT,788800
AMPS,787500
TSCO,787500
RBA,786000
IRBT,784700
KBH,783900
ZLAB,783000
SKT,782700
ONDS,782300
CXW,781600
VSTM,781500
GBTG,780700
SCS,780100
REGN,780000
ENOV,779700
MTB,778400
NOMD,777700
BIRK,775900
NMRK,775100
SIGA,774100
FOSL,773300
BLK,772800
VTLE,772500
BNTX,771400
AEHR,771300
BL,771300
NEA,771300
FULT,770200
NXL,769100
ONCT,769100
GOVX,768100
SNPS,767700
LHX,765800
NEGG,765200
VIOT,764700
RVMD,764400
ACCO,763700
RXT,763600
SOC,763600
GCT,763200
VLN,762700
TDW,761000
DPRO,760600
FTRE,760600
MTSI,760600
THS,760500
STRL,759800
JAMF,759500
BTCS,759300
NBIX,757800
LWLG,757700
POR,757300
SPWH,756400
DGX,756000
FTAI,755900
PTC,755900
EXFY,754900
PASG,753900
DOV,752300
REYN,751300
AUPH,750600
HLMN,750500
VERX,747700
POST,747600
GFL,747400
ERAS,746700
GRYP,746600
LRMR,746300
RANI,746200
MREO,745700
LSPD,744500
NOW,744400
VTIP,742800
RPAY,742300
BRKL,741200
CMPO,739200
TXRH,739200
NKGN,737700
PRM,737300
XOSWW,737200
BCTXW,736400
PRKS,735600
INSW,735500
DIOD,734600
BLZE,734100
WAB,733600
MRUS,732300
RDN,730100
AVB,730000
REG,729700
WH,728100
NATL,726900
SEI,725200
SAGE,725000
MSM,724600
RDVY,724300
PEGA,724000
FAF,722400
LAUR,722200
MCO,721400
TMHC,720100
GATO,719900
ARLO,719500
BW,719200
ORI,719200
IMVT,718300
CRON,718100
UTZ,717900
QGEN,717800
BMEA,717300
ACM,716200
BEAM,716200
CMP,716200
RAMP,715300
MD,715100
EGO,714500
AMLX,714100
ORGN,713600
XHR,713600
LNC,713300
ATMU,712900
CLCO,711800
TPH,711700
MAPS,711500
WIX,711200
IMTX,710600
VRSN,710400
ATOS,709600
ALLT,709400
WGMI,709100
FROG,708800
NUS,708800
DRS,708500
EQIX,708100
AHCO,705200
PHG,703200
ECC,702500
KGS,700400
PLAB,699700
EBC,699300
ELME,699200
GOVI,699200
EU,698900
GDYN,698600
SA,698400
APLMW,698100
GFF,697000
WAL,696700
WTTR,695900
TEX,695800
JELD,695300
VECO,695100
ATYR,694800
UNFI,693800
SINT,691900
ZVIA,690900
RRX,689500
LILA,689200
PTGX,688700
HIW,687300
ANAB,686700
ARI,685500
USIG,685400
ACDC,683000
WNC,683000
NYMT,682500
GCMGW,682300
CMC,680800
REAX,680800
BXSL,680700
XPOF,680400
VVPR,678900
ABL,678100
HCC,677900
OII,677100
PX,677000
RMD,676200
SOLV,676200
FWRG,675000
ACIW,674600
CPTNW,674500
AIRR,674300
TAC,672800
UCB,672100
NWS,672000
SKYT,672000
AL,671400
KBWB,671100
ATOM,671000
PRCT,670600
SSB,670500
POWW,669900
CTKB,668800
NIVF,667700
WERN,666800
ADCT,666200
MNDY,666200
TBC,664700
SPR,664000
HSBC,663700
TRNO,663300
ICL,663000
WB,663000
TLK,662700
BKE,661800
CMCT,661400
BC,661200
ESNT,661000
FORM,660000
PLNT,659700
FRT,659100
HUBG,658800
LVO,658600
GDOT,658300
KAR,658300
VREX,657200
GNK,656200
BR,655800
TGI,655300
CARA,654900
PRTH,654800
SPRY,653700
HESM,653500
FNA,652800
TWST,652500
SKIN,652300
ZJYL,651600
PSA,650800
SMFG,650300
STRO,650300
KLIC,650000
MGPI,649800
DAWN,648500
FIXD,647900
SAG,646400
CURB,645200
ENIC,645000
VIGI,644500
PPBI,644300
SBAC,644300
TUYA,643900
RNST,642800
IMUX,642200
KNTK,642000
MKSI,641900
MBI,641700
WTW,641600
BZH,641300
GLDD,640800
CAE,640500
LIF,639500
IART,639300
PIII,639300
JACK,638000
EYPT,637900
MURA,637700
BCAB,637000
WCT,636300
BFH,634600
WORX,634200
NCV,634100
ONTO,633400
EXLS,632800
UPLD,631700
ESGU,631000
NRIX,630300
ELPW,629800
LNW,629700
SHOO,628100
PWP,627900
APTO,627100
SYRE,627000
CHKP,626900
TTOO,626000
DADA,625700
NTST,625400
SPNT,625000
FBIO,624700
TRTX,624500
RGNX,624300
AMTX,624200
AXS,623900
EXR,623400
STKL,623400
CFFN,623100
FSCO,622500
DH,621700
OABI,621600
SNCY,621000
DNOW,620800
FINV,619700
AXON,619300
SPT,618800
CDXS,618500
BLFS,618100
BOWL,617500
PFGC,617100
RNW,616900
GSBD,616500
OLMA,616300
AN,615900
PXLW,615500
CXT,614500
BSY,614200
DOX,614200
EWBC,613800
INN,612700
ORN,612200
MSI,611000
SWIM,610500
TBBK,610500
HI,609500
SLF,609100
ABUS,608500
SSYS,608300
COSM,608000
CNO,607400
NVDU,606700
OMF,606200
SNSE,605200
NAMS,604900
LH,604600
IVR,604400
RSKD,604400
LPG,603800
ATO,603700
LION,603600
NVCR,603500
BVN,603100
RCI,603100
NSPR,603000
SKY,602900
DCGO,602100
HAE,602100
BV,601200
CTOS,600100
DOCN,597500
GKOS,597100
ASRT,596700
BAK,595600
FWRD,595600
SCPH,595400
RWT,595200
EVEX,595100
ZIP,594900
NJR,594600
GMED,594200
HWC,594000
FCPT,593900
FR,593300
JBT,592400
JKHY,592300
AMCX,592200
EVTV,592000
TSE,591600
GPCR,591500
ULS,590800
GETY,589800
HLIT,588900
BSCR,588100
IDXX,587700
ACLS,587100
TRUG,587100
WNS,586900
CEIX,585100
DFH,584900
PCH,584600
DNP,583000
CBRL,582900
EPAM,582900
RPD,582900
SLQT,582500
CONI,582300
JKS,581300
TRI,580800
NCNO,580200
NCMI,578900
SNX,578800
SB,577900
SIGI,577600
VMC,577600
ADC,576400
BKU,575400
LRN,574700
PSNL,574400
SIMO,573900
HII,573800
OIS,573500
GOGO,573300
KLC,572600
WNW,572600
CRC,572500
MBIO,572500
CRS,572300
FN,572100
MTEK,572100
UTI,572000
JXJT,571600
WCC,570100
BTCT,569200
PLL,568600
CETX,566000
NEO,566000
PAX,565500
LPLA,564500
UPBD,564300
VRE,564200
CYRX,562400
JAZZ,561700
L,561600
CRESY,561300
BSCP,561200
GGR,561000
TSEM,560400
CNTA,559200
PB,559000
AXSM,557800
TLS,556300
BSCT,555900
ESGE,555200
PRTA,555100
ECVT,554100
PROK,554100
GOF,553900
BSAC,552500
MCK,551000
ALXO,550400
LLYVK,550300
TILE,550100
NZF,549800
HFRO,549400
PMT,549300
TARS,549300
GPAT,547400
EHC,546800
PKG,546800
STGW,546500
ZK,546000
IT,545700
AZPN,545600
MAN,545200
AMWD,545000
SYNA,544700
NAD,543900
SDRL,543800
CRDF,543600
GRRR,542600
TTI,542500
CMPS,541600
BSM,541300
MIDD,541300
TENB,541200
RY,540700
KRON,540400
AGRO,539900
AVY,539900
EXPI,539700
MLKN,539500
EOLS,539400
MTUS,539200
SIG,538300
ENFN,537900
DGRW,537600
CMAX,537300
NMRA,537200
SPHR,536600
ALUR,536100
ZNTL,535600
MSDL,535200
AVNT,535100
AIRS,534600
AHH,534300
ODD,533800
WLK,533700
AEVA,533100
PHK,533100
THO,533000
EVER,532400
TRIN,532100
VRSK,531500
BDSX,529900
VCTR,529800
HQY,529700
MDXG,529600
VNDA,529300
INFN,528400
MSFU,527300
GXO,526400
SF,526300
GFAI,525800
GRWG,524800
MSGE,524300
GGLL,523400
WAY,523000
PODD,522500
SNN,521900
BWXT,521800
BFAM,521100
HDSN,520800
LGCB,520500
MAA,520400
AVT,520200
FVRR,520200
PRIM,519300
COOP,519100
KRP,518700
SLGN,518700
ENR,518600
BECN,518300
DVA,517800
GNRC,517600
BPMC,516400
PRVA,516300
HEPS,515400
SHOT,514300
VERI,513700
RH,513000
LITM,512900
CRCT,512300
SLS,512300
AAXJ,510700
OPRX,510600
ANSS,510500
BKH,510000
CMPX,508900
CUE,508600
VYMI,508600
ASND,508100
NSA,508000
ACP,507400
MMYT,506000
TDC,505900
CAPT,505300
POWI,505100
CALM,504800
CPA,504700
SAIC,504100
CARS,503500
VOYA,503100
PGRE,503000
CRUS,502100
INVX,502100
XNCR,502100
VIRT,499500
ELP,498900
XCUR,498900
CSAN,498700
NMIH,498300
CGBS,498100
VBTX,497000
HCSG,496600
SKYQ,496200
AX,496100
GAB,495600
IEP,495200
BTAI,495000
MHK,494900
GVA,494700
LZB,494100
CBSH,494000
BMEZ,493700
GBCI,493400
REKR,492800
BAFE,492500
NCTY,492400
CADL,492300
YEXT,492300
ARAY,492200
FTDR,492100
ODP,491300
DCI,490800
KINS,490800
HIX,490100
WEST,490000
FALN,489300
HUBB,489100
FBL,488800
ALTR,488600
NMHI,487800
PLTK,487800
SWBI,487700
WTFC,487600
ILLR,487300
ATSG,486900
GRFS,486800
MDXH,486700
CGAU,486400
EPAC,486000
LIVN,486000
SSP,485000
AGIO,484500
MGNX,484000
XENE,483300
FTS,482600
YELP,482300
IEX,482200
LPX,479900
LIFWW,479800
PAYC,479500
BYD,478800
OMI,478100
MEG,478000
FMX,477700
H,477700
MLM,477700
ITRI,477300
SYTA,477200
CENTA,476900
HNRG,476700
CAMT,476500
NOTV,476000
IVDA,475600
PCRX,475000
IFRX,474700
JBGS,473500
STE,473100
TNL,473000
PFIE,472800
SLN,472500
CRSR,472000
VIV,471400
ERO,470700
OCSL,470700
NCZ,470400
PINC,470200
OGS,469000
CINF,468700
VAC,467300
ERII,467200
EXG,466800
OTEX,465600
PRG,465600
AGFY,465300
POWL,465000
STAA,465000
DLB,464800
MTN,464100
RVSN,463800
TRN,462700
AEHL,462100
WFRD,461700
LB,461600
PNTG,460600
UMH,459900
DM,459600
ACLX,459100
IAC,458500
RELX,457900
JANX,457400
COLL,457100
NRDS,456900
PNFP,456000
MAMA,455600
EZPW,455100
BHLB,455000
KPTI,454900
TTC,453600
DPZ,453400
KTB,453200
USA,453100
BMO,452400
GIL,452400
BGY,452000
EME,451800
EVRI,451800
GRNT,451700
HTOO,451300
BSCU,450900
MOMO,450900
PSFE,450800
SFNC,450600
TNET,450500
TOWN,450500
MOD,450300
PFS,449900
ALTO,449800
VERA,449800
AIT,449700
AGZD,449600
MMV,449500
CAL,449000
ACXP,448700
APGE,448600
RHP,447500
RPM,447400
IRS,447200
SURG,447200
TX,446200
IVT,445800
AAON,445100
BZUN,444500
RVPH,444300
CURV,444200
HLLY,443900
FHI,443700
PACK,443600
BTOC,442900
SNA,442400
AVNS,442100
IMAX,441200
URGN,440600
GUT,440100
RYAM,440100
RENB,439400
TFX,439400
DY,439300
RRR,438800
CLDT,438500
KRNY,438200
MOH,438000
AVAV,437800
CLMT,437600
HEI,437400
QTRX,437400
GSL,437300
EVTL,437200
HRMY,436900
SOXQ,436900
NABL,436600
DOLE,435800
HIO,435500
PRLD,435400
FCF,434700
HCAT,434200
OTLK,434100
OEC,433700
BNZI,433000
NITO,433000
OXM,432500
METC,432400
ALDX,432300
TTMI,432300
PLYM,431800
HTBK,431700
QURE,431400
SCWX,431400
XPER,431400
AB,431300
GMS,430900
CRL,430800
BLDEW,430700
WING,429400
DRUG,428500
LII,428400
EPR,427500
HOPE,426400
TITN,426300
CIBR,426000
UBSI,425000
SKYX,423800
BRCC,423300
CTLP,423300
JXN,422800
FLNG,422600
NICE,422600
AMBC,422200
RVYL,422200
INSP,421900
AVA,421800
YSG,421800
NUV,421400
CHDN,420800
OSPN,420100
SFHG,420100
SPB,419400
VRA,419200
LOVE,418400
OMCL,418200
FRGE,417700
BIGZ,417300
PLBY,416000
SRFM,416000
PRGS,414800
WHD,414400
NTGR,414200
BWLP,413900
WBX,413700
MANH,413500
INTA,413100
HYT,413000
DRIO,412800
WGO,412300
SNBR,411900
BIP,411300
LQR,411000
DBVT,410800
TM,410600
ENTA,410400
IPGP,409900
KOSS,409900
LEXX,408600
SPPL,408100
ARVN,407800
VONV,407500
CMRE,407200
LMBS,406900
ZBIO,406800
CGEN,406600
NWBI,406600
WK,406600
DXLG,406400
WGS,406300
SLRN,405600
YALA,405600
BTM,405500
BNOX,404800
CNMD,404700
BRSP,404300
QAT,404100
SVCO,403200
PLRX,402600
DSL,402500
ICUI,402500
ZVRA,402300
BDTX,402100
VCIC,402000
NVRI,401800
GDEN,401500
CMI,400900
GEL,400900
FFIN,400700
CSL,400400
NVRO,400400
AAPU,400200
OMEX,400100
FFWM,398900
ELEV,398400
MYPSW,398200
EG,398000
BSBR,397900
GREE,397700
AKRO,397600
BOW,397200
NGVT,396400
HELE,396200
SCVL,395400
EPC,394900
CGEM,394600
SGML,394400
WMS,394000
CRVS,393800
MELI,393100
APLM,392900
COLM,392900
KYTX,392700
FFIV,391700
NFG,391700
DAVA,391500
DQ,391200
YYAI,391100
VERB,390900
CCOI,390000
ARLP,389900
BSIIU,389700
IGR,388900
AGR,388000
GL,388000
TTEC,388000
ADAP,387600
CIM,387400
INO,387300
AIV,386300
BBDC,385700
KMPR,385300
STKS,384800
NVG,384700
IVCPW,384000
GIII,383800
AEIS,383400
ARW,383300
MDGL,383100
LGTY,382400
PCF,382200
CHEF,381500
ACEL,381300
HTLD,381100
LTRX,380600
CSGS,380200
IUSV,380100
E,379800
PTIR,378800
TCPC,378700
ABM,377900
AILE,377500
AMP,377400
BVS,377100
BLD,377000
MNDR,376900
NMR,376700
CRDL,376600
VOR,376300
SPRC,376200
AOD,375200
ORLY,375000
CYN,374900
ETNB,374800
CMTG,374600
IMCR,373500
NCDL,373200
ALGS,371600
VTEX,371300
DAO,371200
VVOS,370900
AGEN,370500
CCG,370100
JQC,370100
ITT,369800
SDIG,369800
UFIV,369800
ZBRA,369200
CATO,369100
MERC,368700
UITB,368600
URI,368600
ATHM,368300
CRNX,368300
FGEN,368300
LUNRW,367500
OSW,367300
POOL,367100
ARKO,365800
SBCWW,365500
CAR,365100
TKNO,364900
BPOP,364700
ECG,364600
MKTW,364600
PH,364600
CLB,364400
HONE,364400
MEI,364200
ITOS,363900
ADEA,363700
GLXG,363700
RDNT,363700
OPRT,363400
ASGN,362600
TIVC,362600
MSCI,362300
AFG,362000
ARGX,361800
CSLR,361800
AIN,361300
SILA,360800
ROP,360700
PAM,360300
TRMK,360200
RVT,359600
IRTC,359400
LDI,359200
SLVM,359200
B,358900
LBRDA,358900
IHS,358800
DAKT,358300
BMA,358200
CTO,358100
TNK,357800
WSBC,357300
PTY,357200
TRUP,357200
IBTA,357100
BRC,356700
INAB,356700
KSCP,356500
VRNT,356500
PAY,356300
BCO,355800
BDJ,355800
SPAI,355600
PIIIW,355500
FLWS,355100
ETON,355000
AIQ,354900
ALEX,354900
CWT,354600
ARQ,354500
ACRE,354200
JRVR,354000
IESC,353900
OR,353200
RGA,353100
RYN,352900
ASLE,352300
LTC,352300
MMSI,351500
IOBT,350700
IDA,350100
ESTA,349800
IRON,349700
VCEL,349600
NHI,349400
INGM,349000
THRY,349000
SKWD,348200
UCTT,348200
ALSN,347700
RGEN,347000
LPTX,346400
GPMT,345900
TSL,345600
GBX,345400
TDG,344800
NSIT,344700
BSCV,344500
GIG,344500
HOWL,344500
APAM,343800
FRPT,343700
MC,343300
ALRM,343200
MTH,343000
WKSP,342400
SLE,341800
SANM,341400
MCY,340000
REVG,340000
CIO,339800
KOD,339600
QTWO,339400
FIX,339100
VIRX,338300
XMTR,338200
AMPG,337600
HRZN,337600
ONCO,337500
CODX,336900
STEL,336400
LASR,335900
KEX,335700
GHY,335300
ASH,335200
OPRA,335200
PLSE,335200
AVD,335100
ABCB,335000
LOGI,335000
KYN,334900
IBP,334700
PAC,334700
CCRN,334500
MESA,333900
ATRC,333100
SHIP,332100
AIZ,330700
RNR,330700
DAPP,330300
ARBE,330200
DRVN,329900
KNF,329900
ZD,329900
CCS,329800
CTRI,329800
WAFD,329100
AGO,328600
VERO,328500
BWIN,328300
NOTE,328300
EWTX,328200
SOWG,327800
NXTC,327400
PBM,327200
SLAB,326200
EVR,325700
EARN,325500
IUSG,325400
CPAY,325000
APPN,324600
OXSQ,324600
SPXC,324600
ARIS,324100
MIRM,323900
KELYA,323600
NDRA,323100
ARCH,323000
BLCO,322700
CVAC,322600
ABOS,322500
QLYS,322500
OFIX,321800
MRX,321600
OSIS,321400
MIRA,321300
ROOT,321000
STEP,320700
BIPC,320200
ALVR,319900
CFR,319600
TPL,319600
SEER,319500
ROAD,319100
KLTR,318900
PDO,318700
MTW,318400
R,318400
AMRC,317900
FPH,317900
NUVL,317900
NMFC,317600
BBSI,317500
LNZA,317400
SAIA,317300
VC,317000
ADX,316500
WST,315700
NSP,315300
PRAA,314800
FTGC,313900
SEMR,313800
ATEX,313700
HSTM,313500
SWX,313400
LBGJ,313200
LFCR,312900
BCC,312700
NSSC,312600
SJW,312600
PCTY,312400
CENT,312000
MITK,311000
MIGI,310600
SSTK,310500
SWI,310500
SKYW,309500
ANTX,309300
JOE,309200
ASTH,309000
USAU,309000
BGNE,308100
HLI,308000
NMZ,308000
CORZW,307800
ASST,306900
CANG,306400
TPC,306200
MUX,306100
SR,305800
ZYME,304900
RGLD,304800
GASS,304700
TNC,303900
DLX,303700
SDA,303700
AWR,303400
FBRT,303400
KRNT,303400
LASE,303400
EHAB,303200
MITT,303000
PRDO,302800
FNKO,302600
WTO,302600
OSK,302500
ENSG,302100
ME,302100
PUBM,302000
TCBP,301800
MAIN,301700
SPNS,301600
DHF,301400
UFPI,300900
MATV,300800
HTZWW,300500
IDCC,300400
HUBS,300300
GLAC,299900
SGMT,299800
RAIL,299200
DIN,299100
KOF,298800
IBTE,298000
BKV,297700
ONVO,297500
PEN,297500
BOH,297200
POLEW,297200
SRM,297200
PFN,296800
BOTZ,296700
QNST,296300
KROS,296200
QNCX,295600
NX,295500
CMTL,295200
PHIN,295200
OFG,294800
CSTL,294500
DEC,294300
PRO,294100
CBT,293900
AXTI,293600
ITCI,293600
SRI,292800
ITGR,292500
IIPR,292000
SGHT,291800
CECO,291300
OM,291300
ADV,290900
CHCT,290300
CVGI,289900
ESOA,289500
WSO,289500
TARA,289100
PTVE,288900
INGR,288800
PHR,288400
GPOR,288200
KFY,287500
CEPU,287200
SMHI,287200
BYRN,287000
CNTY,287000
ORA,287000
VVX,286900
KREF,286700
ZH,286500
BHF,286400
ICFI,286200
USDX,285800
MRTN,285600
ALGT,285100
ESS,284700
DAVE,284500
FFBC,284100
AMPH,283700
BSJO,283700
LGMK,283700
PI,283700
AVK,283600
RBC,282900
CELC,282600
THR,282200
FUL,281700
RARE,281300
ARCT,281000
GLOB,281000
JLL,280900
NDSN,280600
JGLO,280500
PRQR,280500
BRRR,280300
FENC,280100
STVN,280100
RGR,280000
SBCF,279900
WSFS,279900
CVLT,279800
BIOX,279300
TFSL,278800
AMLI,278000
FDP,277500
NTCT,277500
PPTA,277400
MFH,277200
GPRK,276900
MX,276200
YY,276200
JFR,276000
SKE,275500
LIFW,274800
ALNT,274700
CHH,274500
ZG,274400
IBTF,274300
NAC,274100
TUSK,273800
BSJP,273700
MBUU,273700
ZURA,272200
TIMB,272100
AWP,271600
ANVS,271300
VYGR,271000
PRLB,270600
CGBD,270500
WISA,270500
SMR.W,270300
TH,270300
AVO,269900
CGON,269600
DVY,269400
VFF,269000
MHO,268600
WEX,268600
GRBK,268400
UHA.B,268100
GCTK,268000
ABAT,267700
LPRO,267600
HYFM,267400
PEBK,267300
OPHC,267200
MAX,267100
GMM,266900
PODC,266800
SFBS,266600
RDWR,266500
MFIC,266400
CBZ,265900
TFII,265900
GXAI,265800
STIM,265600
BOND,265200
XFLT,265100
ACON,265000
UTHR,265000
UXIN,264900
INDB,264700
RGTIW,264700
SKYY,264500
ZTR,264500
DOOO,264300
PRFX,263400
SDOT,263200
CCIF,261700
DCOM,261700
QQQI,261700
DCTH,261600
ONMD,261400
RGLS,261400
SANW,261400
HUBC,261300
PATK,261200
RUSHA,261100
MIST,261000
ORIS,261000
FCFS,260800
IBTX,260700
PRTS,260700
BEEM,259900
AKAN,259600
CLH,259100
ZEUS,258800
RGP,258700
TKR,258700
MRCY,258500
HRYU,258400
SUN,258200
OABIW,257700
WPP,257600
TPVG,257500
IMMX,257300
PBH,257300
EFSC,257200
EPIX,255800
ISTB,255700
GOOD,255600
TSMX,255500
SKM,255300
ORIC,255100
TGLS,255100
HROW,254800
LOAR,254700
THRM,254700
FSS,254300
ZVSA,253400
SAFE,253100
OPP,252900
FBNC,252700
GMRE,252700
MESO,252600
IMXI,252500
USLM,252400
PDSB,251900
CLW,251700
EVC,251000
ANGO,250900
GRI,250700
ACH.W,250600
ESGD,249800
RWAY,249400
TYL,249400
MGTX,249300
AYI,249200
COCO,249200
POAI,249100
COOK,249000
PSO,248900
ALTG,248700
FTK,248400
MKTX,248300
HTLM,247900
NTB,247900
BCAT,247800
CDRE,247700
MANU,247700
MGX,247500
BDC,247200
AZO,247100
LGVN,246900
SCL,246800
IBOC,246400
CYBR,246200
STTK,246000
RYI,245800
BSIIW,245700
EVTC,245600
BCAX,245500
TGS,245300
BTZ,245100
DTC,245000
EXP,244900
DSU,244600
TCBI,243900
AREC,243800
INBS,243400
PLMR,243300
CATY,243200
WDI,243200
PJT,243100
EIC,243000
ERNA,242800
ILPT,242000
UMBF,242000
BOLT,241900
SIBN,241300
COMT,241200
CMCO,241000
BATRK,240900
FLGC,240700
CNNE,240400
VANI,240400
CCIX,240300
SAR,240100
GAMB,239500
SHEN,239500
THRD,239500
TRML,239100
VEEA,239000
VMO,239000
MNR,238200
CCU,237800
GDC,237600
OBDE,237600
SLDB,237600
CLAR,236600
NVFY,236400
HQH,236100
SOHO,235800
GOLF,235600
KALV,235600
KXIN,235400
PANL,235400
MEDP,235000
MYRG,235000
ELDN,234800
NMCO,234700
OTTR,234600
SLQD,234200
RMNI,233800
AGYS,233700
FF,233600
HRI,233100
VCIG,233000
BUSE,232700
METU,232700
CWST,232600
CWE.A,232300
PFSI,232000
CR,231900
CBL,231700
AAT,231200
TIXT,231200
BOOM,230800
FDS,230700
COCHW,230400
EDD,230300
CHMI,229900
RXST,229900
ATXS,229800
QSG,229800
GALT,229700
HGER,229200
LCII,228900
NMM,228900
ALAR,228200
EJH,228100
EIG,227900
RELI,227800
VRME,227800
IQI,227700
JSPR,227300
PBT,227300
TELO,227300
CBAT,226500
CVGW,226500
EUFN,226500
AVBP,226300
OCFC,226200
PPT,226100
HNI,226000
CISS,225400
COWG,225400
LGO,225400
CNEY,225300
HFWA,225300
OCCI,225300
BLKB,225000
LAND,224900
MATX,224900
UPB,224800
CION,224400
CYCC,224300
NXST,224100
SRG,223800
AIP,223200
BAND,223000
SITE,222900
IGMS,222500
FBLG,221300
LUXH,221300
CBU,221200
TRNR,221000
ANRO,220900
DUOT,220700
RACE,220700
LAD,220300
NAUT,220200
KNSA,220100
QUAD,220000
SPRU,219900
AGX,219500
NBR,219100
IOSP,219000
JPM-K,219000
OMGA,218700
DSP,218600
WIMI,218300
ICU,218200
CUBI,217600
BAC-M,217400
FEPI,217100
MEGI,216600
RBBN,216600
AXGN,216300
ECAT,215800
RAPT,215200
CGNT,215100
PLUS,215100
RMAX,215100
SPTN,214800
CNVS,214600
ETW,214500
TUR,214500
BJRI,214300
DBD,213700
GATX,213700
SISI,213700
THG,213500
LIDR,213000
MATW,212800
ABEO,212700
EEFT,212700
SGBX,212700
BSIG,212300
BSGM,212200
CDRO,212000
PERI,212000
CSR,211900
SBGI,211600
THCH,211600
MSEX,211500
AGS,211300
CSQ,211300
JBDI,211200
HPE-C,210600
HYI,210600
XLO,210200
DXPE,210000
TFPM,210000
ACA,209900
HYZN,209700
ACT,209400
BNZIW,209400
PBYI,209300
ONL,209200
MQY,208900
NVGS,208700
TREE,208600
PRA,208200
PAG,208000
KIDS,207900
AVAH,207800
OXY.W,207400
SUSC,207400
WSR,207300
XBIL,207300
BBW,207200
ABVEW,206500
RNGR,206500
KAVL,206400
PTNQ,206300
GUTS,206000
ADD,205700
BMI,205600
AMPL,205500
IPA,205400
RS,205400
NRK,205200
SASR,204900
SMXT,204900
NBXG,204800
HLNE,204400
RQI,203900
COEP,203800
LECO,203700
AFMD,203100
LIPO,202900
IKNA,202800
VTMX,202800
FICO,202600
BHE,202200
OUS.W,202200
SUPN,202100
CMBT,202000
PITA,201900
PLXS,201800
NIU,201700
AMTB,201000
SHYF,201000
AAPD,200700
FPI,200700
FMS,200500
NIXX,200200
YXT,199700
CSWC,199500
HBNC,199500
CASY,199400
EGP,199400
CAAP,199300
FFIC,198800
ENZ,198400
IBTI,198200
PLOW,198200
BALY,198000
DAC,197900
ROCK,197700
SPRO,197700
CACI,197400
ARCB,197200
HEI.A,197200
TRS,197000
ANIP,196800
ION.W,196800
FTCS,196300
BRDG,195900
SCSC,195800
HKD,195700
MUC,195300
SCM,194900
STEW,194400
GILT,194300
NXU,193800
CLEU,193700
DRD,193700
BGFV,193300
SUNE,193000
AMRK,192700
DSGX,192700
BNED,192400
EE,192200
ATLX,192100
ANDE,191700
PSQH,191700
SPIR,191600
EVLVW,191300
STRA,190800
AMIX,190700
CVRX,190500
CLRB,189900
NOVT,189600
PAXS,189500
BBN,189300
COHU,189300
TKC,189300
EHI,188700
BKK.W,188500
ZUMZ,188500
WRAP,188200
CLSD,188000
BCSF,187900
FLGT,187600
LIND,187200
RA,187200
GWW,187100
HMN,186600
CRGX,186400
ASTE,186300
FTHY,186200
CTS,186100
SRDX,186100
RZLT,186000
ICHR,185900
GHIX,185600
PKX,185600
ATGE,185400
ASG,185300
LGIH,184900
HG,184600
SCYX,184600
AVNW,184500
TURN,184400
SCWO,184100
SPH,184100
ALE,184000
KNDI,184000
FMB,183700
MLNK,183400
ONEQ,183200
RIME,183200
NEE-T,182900
CW,182800
LGND,182700
TSLX,182600
BHK,182500
CBLL,182400
TBPH,182200
NEON,182000
IMPP,181700
MTD,181500
DORM,181400
SCHL,181400
SHG,181400
WALD,181300
NGL,181200
SSD,181100
CNA,181000
MAMO,181000
LXU,180700
VNQI,180700
FCN,180300
BTMD,180100
FISI,180000
JPM-L,179900
JL,179800
MTAL,179700
SXT,179500
WBTN,179500
AQMS,179400
CHARU,179100
SPRB,179100
BAC-N,178700
EVTR,178600
AIPI,178500
CFB,178500
CIB,178500
GPI,178400
SAFT,178400
EMKR,178200
IMNN,178000
NBHC,178000
ATHA,177800
AWI,177500
TCBK,177500
PAL,177300
T-C,177300
FRME,177200
MEOH,177200
ZCAR,177000
AMAL,176800
BANR,176800
ADXN,176700
ECO,176700
SLNH,176600
MSA,176400
WAVE,176300
DOMO,176100
CEVA,176000
IMKTA,176000
RDCM,175900
DMAC,175500
RSSS,175500
EXPO,175300
HRTG,175300
FFC,174900
NWTN,174800
SRTS,174800
HOTH,174700
VINC,174300
WLY,174200
SPSC,174100
UFCS,173900
MYSZ,173800
HIPO,173700
PML,173700
HEAR,173600
IPW,173600
NEXN,173600
HHH,173400
TYRA,173400
IGD,173200
UGRO,173200
CODI,173100
NCA,173100
T-A,173100
STBA,172900
ECX,172800
MUU,172800
GSHD,172400
AWF,172300
EVO,172200
MORN,172200
MTLS,172200
NGVC,172200
FTSL,171500
GEF,171500
IDE,171200
ORMP,171200
NFJ,171100
BCLI,170800
SD,170800
HVT,170600
DNTH,170500
SAIH,170400
MCRI,170200
TRUE,170100
DGHI,169500
OSBC,169300
WOR,169000
KRYS,168700
WS,168400
PDFS,168200
BAP,168100
LWAY,168100
HZO,167800
ONTF,167800
RLI,167800
BIO,167700
BTCM,167600
LSH,167600
MCS,167600
CLLS,167400
AGD,167000
AMPY,167000
HYBI,166800
HGBL,166600
NWN,166600
WFC-Z,166600
CII,166500
VTGN,166400
TCRX,166100
VCV,166100
GMGI,166000
PESI,165600
YI,165600
AIR,165300
FNGR,165300
PKST,165100
AVTE,165000
DFLI,164900
BASE,164800
MASS,164700
PEY,164700
WCLD,164600
ETY,164500
TEI,164200
BIT,164000
TNON,164000
JYD,163900
NPCT,163900
YMAB,163900
APPF,163700
ENS,163500
WAI,163400
BKNG,162700
MLTX,162200
CRBP,162000
NKX,161900
FAAS,161800
LDTC,161800
TEO,161700
CNTX,161400
THW,161300
RMSG,161000
DGICA,160800
VPG,160500
GCO,160300
UVV,160300
EDN,160200
WASH,160100
PLCE,159700
GTY,159600
KSPI,159600
WKEY,159200
ELVN,159100
MIN,159000
LSEA,158900
AMED,158700
UHAL,158700
REX,158000
OB,157800
AKTX,157600
LEO,157600
WINT,157300
CARM,157200
FEM,157200
GFR,157200
ADN,157100
RRGB,156400
ZENV,156400
PAHC,156000
AZZ,155900
CYCN,155700
ESAB,155600
SLP,155500
AVIR,155400
PNST,155300
INGN,155000
UCL,155000
FTHI,154900
AORT,154800
LSTR,154700
NDMO,154500
TSVT,154500
FELE,154300
RLMD,154300
ICLK,154200
PCK,154200
XTKG,154100
SHCO,153800
NAAS,153700
MUJ,153600
AMR,153500
HSPO,153500
DHX,153400
KWR,153400
PEV,153400
CLOU,153300
UPXI,153300
CURI,153200
EKSO,153200
NXJ,153200
ABG,153100
JOB.W,153100
OMAB,153000
SITM,153000
KRO,152600
FARM,152300
DGII,152200
IPAR,152200
PSMT,152200
GIB,152000
MTRX,152000
UTF,151900
GAN,151300
PHVS,151000
VVI,150700
TPB,150500
APOG,150200
LOPE,150200
TDY,150200
VRIG,150100
LUNA,150000
PTPI,150000
ETV,149700
GRID,149700
HTH,149500
BHR,149300
AJX,149200
IIM,149200
ASIX,149000
RING,149000
DBL,148900
AKYA,148800
MNTK,148700
HAFC,148400
EHTH,148300
LOGC,148200
ACOG,148000
VGM,148000
BRW,147900
NXDT,147900
BMRA,147700
HEES,147600
DCO,147200
SLRC,147200
SBC,146900
MSD,146600
RCS,146600
INVE,146500
ALLR,146300
FIZZ,146300
TBI,146100
GBAB,146000
WIW,145800
SOL,145600
CHW,145500
IIIV,145400
NEOV,145300
USPH,145100
AVGX,144700
INSG,144300
BGB,143900
HPK,143900
ML,143300
DMLP,143200
BPT,143000
WOW,143000
AMSF,142900
GLPG,142900
AGMH,142700
BSTZ,142500
MODV,142200
CTRN,142000
DSGN,141600
RPTX,141400
AMG,141300
ARBB,141300
PBMWW,141300
SXTP,141300
ENVA,141100
BDMD,141000
OPF.W,141000
HMST,140700
EGBN,140600
CIF,140500
ATR,140300
HSII,140000
SAH,139600
IBTH,139500
UHGWW,139500
MED,139400
TRVI,139300
FEMY,138900
PFC,138900
PCN,138700
NFBK,138400
INSE,138300
DSM,138200
BMR,138100
DRLL,137700
FOA,137700
IIIN,136800
INTZ,136700
MGIH,136500
BLE,136400
EVT,136400
NVMI,136300
SNOA,136300
XPEL,136300
ONCY,136200
ARQQW,136000
BW-A,136000
FTGS,135700
ALBT,135600
IJT,135600
NVNO,135500
PRLHW,135400
AIFF,135200
ARDT,134800
TXO,134700
ISPOW,134600
VKQ,134600
HLVX,134100
PRI,134100
BCX,134000
BIOR,134000
HYMC,134000
ABVC,133900
HYLS,133900
TFIN,133900
BCH,133800
BFZ,133800
ENLV,133700
FUFU,133400
ADVM,133200
BSCX,133100
SNEX,132500
RDVT,132400
RIGL,132200
ALRS,132100
RDUS,132100
INMB,131900
PTA,131800
CPF,131700
WHF,131700
DFGP,131500
ZIMV,131100
HBIO,130600
MVF,130600
IHG,130400
ADUS,130200
HGTY,130200
DLNG,130100
EMD,130100
BSMV,130000
ENVB,130000
OPTX,130000
STSSW,130000
CRVO,129600
AILEW,129400
CTSO,129400
PGC,129400
PINE,129400
USAC,129300
JTAI,129200
SEZL,129200
RBO.W,129100
LANC,129000
STN,129000
BABX,128900
ASGI,128700
TRSG,128600
DDS,128500
JPM-M,128500
PFMT,128500
PSNYW,128100
WETH,128100
CNOB,127900
DRTS,127700
LPL,127500
USTB,127500
SYBT,127400
ACIC,127300
LOB,127200
LOCO,127100
CQP,127000
KNSL,126600
VSEEW,126600
UVSP,126300
ACTG,126100
IBTJ,126100
ORRF,126100
FARO,126000
NBTB,126000
SND,126000
BY,125600
EDAP,125400
ESE,125400
TOUR,125200
MOV,125100
ERIE,124900
RGF,124900
FBRX,124800
ISD,124600
VICR,124600
XT,124200
NMTC,124100
NEE-R,124000
FBLA,123800
LXEO,123800
WTS,123500
MUSA,123400
LPCN,123300
TRNS,123300
THQ,123100
TTGT,123100
STC,122900
QTUM,122800
RCKTW,122800
AMP.V,122600
VTSI,122600
EBF,122500
MGEE,122500
NCNA,122500
BIOA,122400
MTX,122400
BSII,122300
PETS,122300
CCLD,122200
MBIN,121900
USEA,121900
NXTT,121400
NBBK,121300
SHPH,121300
TASK,121200
RDZN,121100
DALN,120900
LPTH,120800
IMAB,120700
OVID,120500
CEADW,120400
SUSB,120400
GRDN,120100
CPZ,119900
UVE,119800
LNN,119700
LTM,119600
ETG,119500
PLUR,119500
RAPP,119400
NPW.W,119200
SMP,119200
CASH,119100
MBOT,119100
GHIXW,119000
MYN,118900
BKT,118800
JFBR,118700
CHY,118600
NPO,118500
INNV,118300
TBB,118300
AMZZ,117900
FLYE,117900
ALG,117800
GCTS,117800
PDP,117600
LVROW,117500
FPF,117300
HTLF,117300
BNAI,117200
DATS,117100
MODD,117100
FTC,117000
HWKN,117000
TECX,116900
CASK,116800
DFGX,116800
ALZN,116700
FVR,116700
WTBN,116600
FOR,116500
WFG,116500
QTTB,116200
ADNWW,116100
USMC,116100
BXMX,116000
SHFS,116000
TRVG,115900
FTFT,115800
SATL,115700
FDUS,115400
KBWD,115300
ATER,115200
BLTE,115200
ONEW,115200
USM,115200
WLGS,115200
VTS,115100
ELVA,115000
GORV,115000
AWRE,114900
SJT,114900
MNPR,114800
XNET,114600
PGYWW,114300
NOEMU,114200
YRD,114200
AFCG,114100
BLMZ,114100
CENN,114000
CINT,114000
ETD,113800
FLIC,113800
MYPS,113000
BTT,112900
FAMI,112900
PFL,112900
PSCE,112800
CLYM,112700
CTCX,112600
SKLZ,112600
VMD,112600
WRD,112300
CBUS,112200
GYRE,112200
PPSI,112000
IKT,111800
MUE,111700
CNS,111600
LMFA,111600
LINC,111500
CPS,111000
KAI,110800
PDT,110800
ICON,110600
CSWI,110500
QTI,110500
COF-I,110300
BBCP,109900
LMAT,109900
DTSQR,109700
PHT,109700
MS-A,109600
PPH,109600
MBWM,109500
QQQE,109500
CLPT,109400
GP,109400
QIPT,109400
IGIC,109100
NRC,109100
LLYVA,109000
CHI,108900
ANIK,108800
MRCC,108700
CLIK,108500
BSLK,108400
FEIM,108400
KIO,108400
MLR,108400
WD,108400
BFST,108300
VIRC,108000
JVA,107800
DFIN,107700
HWH,107700
BFRG,107500
PSTL,107100
VSEC,107100
CCSI,106900
CHSN,106900
MIY,106800
LQDT,106600
NRSN,106500
FTEL,106400
CMPR,106300
CXDO,106300
ETJ,106300
AEYE,106100
ATS,106100
CTOR,106100
NESR,106000
FBK,105800
HQL,105800
CLNN,105500
CHT,105400
MOND,105300
TALKW,105300
LUNG,105200
CCNR,105100
GSIW,104800
PMT-A,104700
SMSI,104700
RNXT,104300
WDFC,104200
EWZS,104000
NB,103900
FSUN,103600
MGRC,103600
QQQX,103600
CMU,103200
SPOK,103200
SUP,103100
FCUV,102800
MRIN,102800
SBSI,102800
TELA,102800
LMB,102600
PSF.W,102600
DLY,102500
FLD,102400
CWD,102300
EUDA,102200
MARXR,102000
VCNX,102000
BKS.W,101900
FVNNU,101800
MLYS,101800
PDX,101800
WABC,101800
UAE,101600
FRST,101500
GUG,101500
LOT,101500
PRPL,101400
XPON,101400
QUIK,101200
AURA,100800
QTEC,100700
JBSS,100600
HURA,100400
HCM,100300
LE,100300
MSSAW,100300
GNLX,100100
PHD,100000
IMMP,99900
GSIT,99800
FRGT,99700
SEPN,99700
WATT,99700
ASPS,99600
SII,99600
KB,99400
LFUS,99300
DPG,99100
NDLS,99100
EVGOW,98900
TRC,98900
ULY,98900
GLAD,98700
IBEX,98400
QCLN,98300
STRV,98200
MCR,98100
MHLD,98100
BRLT,98000
BSCW,98000
BTGD,98000
ITRN,98000
FDIG,97900
JRI,97900
MYI,97900
FBMS,97800
GLRE,97500
BLX,97300
SKYE,97300
DKL,97200
SGMA,97000
BCPC,96900
BLW,96800
PBPB,96600
USGO,96600
CLFD,96500
BOE,96400
COD-B,96400
TRDA,96400
VYNE,96300
JTEK,96200
MSW,96200
SSSS,96200
ORKA,96100
JAKK,96000
NBB,95900
SQNS,95900
BTFX,95600
GNOM,95300
MFM,94900
NOAH,94800
MOG.A,94700
ACHV,94600
KIM-N,94600
RITR,94500
BOC,94400
MBX,94400
DRCT,94300
AFYA,94100
BGT,94100
DTCR,94100
IFN,94100
GAIN,94000
KRUS,94000
NCI,94000
USAP,93600
ALCE,93500
BFA.W,93500
NIPG,93400
ASUR,93200
BBLG,93100
WFC-D,93100
OOMA,92900
PRPH,92900
NEWT,92800
BUG,92600
CVCO,92500
HTCR,92500
JHX,92500
LSB,92500
FEBO,92400
FINS,92300
PMX,92200
CMRX,92000
MIO,91900
GHM,91600
CMBM,91400
GPIX,91300
SPI,91200
DJTWW,91100
PZC,91100
HCKT,90800
CMCM,90700
HCI,90600
ICCC,90600
AAC.T,90500
ATIP,90500
LUMO,90500
MQT,90500
GS-D,90300
IMRX,90300
EEX,90200
IDT,90200
GROV,90000
CREX,89900
AIO,89800
DMO,89800
CNTM,89600
QNTM,89600
RICK,89500
RVMDW,89400
BOXL,89300
ABVX,89100
TSBX,89000
TR,88900
AWH,88700
CVEO,88700
BUXX,88500
BSVO,88300
GDV,88300
JILL,88200
APEI,88000
MSGM,88000
CCAP,87900
FFIEW,87900
MMT,87600
BOKF,87500
NPFD,87300
PAYS,87300
GTL-B,87200
PDS,87200
WMK,87200
BST,87100
BSJS,87000
COYA,86900
KLXE,86900
NXP,86800
FCT,86700
IPI,86600
BME,86500
EVCM,86400
HURN,86300
CAC,86200
HY,86200
BAER,86100
MYD,86100
MNTSW,85900
SAM,85900
EQ,85800
SDHY,85800
VTOL,85800
WLACU,85800
BWEN,85500
CDTG,85500
EVN,85500
ASR,85400
MS-O,85400
EAST,85300
SY,85300
ATGL,85100
SHBI,85100
BOLD,85000
CPK,85000
STAF,85000
UTL,84800
AFB,84600
APCX,84300
VMI,84300
AEV.W,84200
CCD,84100
VCRB,84100
SILO,83900
NXRT,83600
ECPG,83500
IGOV,83300
CLBK,83200
ZAPP,83200
CHE,83100
MOFG,83100
PMO,83100
QCRH,83100
FWONA,82900
FTQI,82500
RMBL,82500
CIFRW,82400
NETDW,82200
UBND,82200
ACIU,82100
KFRC,82100
ADSE,82000
CRMT,81800
MSFL,81800
FCNCA,81700
PGJ,81700
USB-H,81700
ALL-H,81600
QQQY,81300
FCTE,81100
MAV,81000
PNQI,81000
DTI,80800
GWH,80800
RMT,80800
WFC-C,80800
FSV,80700
NRXP,80700
TSQ,80700
ACTU,80400
WEA,80400
HOOK,80300
JBND,80200
LFT,80200
MEC,80100
NISN,80100
DMRC,80000
RZLVW,79900
IX,79600
FHTX,79500
GPIQ,79500
VLCN,79500
UNF,79300
DTIL,79100
GNE,79100
JAGX,79100
DYNXU,78900
FMST,78700
RNP,78700
COF-J,78600
LIQT,78600
VINP,78600
ZCMD,78500
ADIL,78400
KIRK,78400
SNCR,78300
FLUX,78200
PNF,78200
FPAY,78100
PEBO,78100
BWG,77700
EOI,77700
GRABW,77700
KE,77700
FMHI,77600
BANF,77300
NA,77300
ABP,77200
GBIO,77200
WFC-A,77000
PSC,76900
ROG,76800
ADGM,76700
GANX,76700
BEAGU,76500
MHN,76500
ASNS,76400
PMM,76200
RUMBW,76200
TGL,76200
AEMD,76100
ATH-C,75900
BNRG,75900
IBCP,75800
DGCB,75700
TRST,75700
MMU,75600
GGROW,75500
PMVP,75400
KUKE,75300
THCP,75300
GHI,75200
KLTO,75200
DIBS,75100
MHF,75100
BFK,75000
DTSQ,75000
PEPG,75000
DWSH,74900
EOD,74900
MMD,74900
BOF,74800
HOFV,74800
BEAT,74700
FRSX,74700
TIL,74500
EDF,74400
TBLD,74400
TAOP,74300
NMAI,74200
BAC-O,74100
AADI,74000
IBTL,74000
LTRN,74000
SRZN,74000
TG,74000
OKUR,73900
RILYZ,73800
AZ,73700
BGR,73400
AUID,73300
FTEK,73300
DGLY,73200
JPM-C,73100
BKCH,73000
CTBB,72900
FV,72900
KALA,72900
LAW,72900
CTNT,72800
MXF,72600
PMF,72600
ARDC,72400
BF.A,72400
GEOS,72400
BBA.W,72200
JPEF,72200
PSA-R,72200
DOYU,72100
TLPH,72100
UMH-D,72100
FMN,71900
CGV,71800
HSDT,71700
BIRD,71500
KNOP,71400
PROC,71400
OCX,71300
LYTS,71100
HTD,70800
TMCWW,70800
ALLK,70700
RIT-C,70700
STK,70700
OPAL,70600
FEAM,70400
QNRX,70400
KOP,70300
ADUR,70200
AOMR,70200
AUUD,70200
BGLC,70200
GIC,70200
HNDL,70200
HUIZ,70200
IFS,70200
QRTEP,70200
HLIO,70100
TDIV,70100
WLDN,70100
CLPR,70000
FRA,69900
EMCGW,69800
MTRN,69800
FC,69700
PFIS,69600
SABA,69600
PCQ,69500
SOUNW,69500
DAVEW,69400
SOJD,69400
EEMA,69300
SOND,69300
EOS,69200
HLAL,69200
TCS,69200
AUDC,69100
CRWL,69100
ZKH,68900
ANIX,68700
HUBCZ,68700
QLGN,68700
RNAC,68700
FSFG,68600
UHT,68600
SFWL,68500
ESHA,68400
AIRE,68300
ALMS,68200
LKFN,68200
NAOV,67800
NGS,67800
SNFCA,67800
MSBI,67700
TZOO,67700
MYTE,67600
OBK,67600
SNDA,67600
BGH,67500
UI,67500
GDO,67400
URNJ,67400
BCAL,67200
BXC,67200
SBET,67200
MKDW,67100
NQP,67100
BELFB,67000
FET,66900
NNBR,66700
ODV,66500
TZUP,66500
USOI,66500
CORZZ,66400
MG,66300
KALU,66200
JJSF,65900
BTF,65800
HUHU,65800
PFD,65800
GNSS,65700
VCSA,65700
GGT,65600
UBX,65600
USIO,65600
INDY,65500
ATRA,65400
BAC-P,65400
DRRX,65400
ESGR,65400
XOMA,65400
USNA,65300
CNXN,65200
FLG-A,65100
CLOA,65000
RCEL,65000
DUK-A,64900
RMR,64900
MHI,64800
BRNS,64700
HOV,64700
LPBBU,64600
LXFR,64600
TCBPW,64600
WINN,64600
PRFZ,64500
BWB,64400
PC,64200
PEO,64200
OCEA,64000
PULM,64000
ASA,63900
ALB-A,63800
HSHP,63800
IBTK,63800
BAC-S,63700
CWBC,63700
AAPB,63600
CING,63600
IRD,63500
AMZD,63400
DTSS,63300
BNY,63100
PMN,63100
RPID,63000
BSJR,62800
NPCE,62800
GAME,62700
JOF,62700
SNAX,62700
AMWL,62600
CGO,62600
ALFUW,62500
CACC,62500
MCFT,62500
REVB,62500
COCH,62100
DMB,62100
GV,62100
HPS,62100
III,62100
VMAR,62100
LDP,61900
NLOP,61900
BGX,61800
COKE,61800
BUFC,61700
CARE,61700
IINN,61700
SSTI,61700
ASTI,61400
BAC-Q,61400
VCICW,61400
JPM-J,61300
LENZ,61300
ATNI,61200
QSIAW,61200
BYNOW,61100
SDAWW,61000
OST,60800
MRAM,60700
NECB,60700
NAN,60600
EVG,60500
USEG,60500
NVCT,60400
KPLTW,60300
MKFG,60200
RILYN,60200
PID,60000
IBTM,59800
RIV,59700
KRMD,59600
MAXI,59600
PFBC,59600
PTMN,59600
VRAR,59600
DRIV,59500
AIXI,59400
EBON,59400
GCV,59300
MCB,59300
VTN,59300
C-N,59200
GABC,59200
KRRO,59200
BSMU,59100
TRAK,59100
FLL,59000
BRAG,58900
CSV,58900
REFI,58900
TCBX,58900
ENTO,58800
MEGL,58800
RF-F,58700
CABO,58600
PSCT,58600
MVSTW,58500
KBWY,58300
SPBC,58300
JDZG,58200
BCG,58000
CCNE,58000
ULBI,57900
BFS,57800
COD-C,57700
PL.W,57700
SQFT,57700
TDS-U,57700
BSRR,57600
DRTSW,57400
MDIV,57400
ALTI,57200
PGRU,57100
VPV,57000
OIA,56800
VOXR,56800
OPT,56700
REBN,56700
FTHM,56600
STCN,56600
VLN.W,56600
NBN,56500
NIE,56400
USB-R,56400
NUKK,56300
SRCE,56300
APM,56200
CSPI,56200
LTRY,56200
LZM,56100
MET-F,56100
VOC,56100
CCRD,56000
REE,56000
GTI,55800
SOJE,55800
CAMP,55700
FG,55700
KEP,55600
GIFI,55500
HTOOW,55500
PPIH,55500
RBOT,55500
SIFY,55500
YTRA,55500
OFS,55400
TIGO,55100
CASI,55000
RFI,54900
SEIE,54900
PVL,54800
TY,54800
BMRC,54700
BSJT,54700
WDH,54700
HOUR,54600
PIPR,54600
FTRI,54500
STSS,54500
FRHC,54400
MHD,54400
HCTI,54100
MSGS,54100
CLIR,54000
RFMZ,54000
YORW,53900
CIVB,53800
KTCC,53700
MDWD,53700
ECOR,53600
KEY-L,53500
VRAX,53500
SUGP,53400
VBF,53400
DCBO,53100
CIGI,53000
CMMB,53000
ELBM,53000
FMNB,53000
BTCTW,52900
JPM-D,52800
SWIN,52800
MS-K,52700
JRS,52600
MNTX,52600
EGAN,52400
FORR,52300
MS-Q,52300
NWPX,52300
TLSA,52300
CHCO,52200
HFFG,52200
AIEV,52100
AIFU,52100
CRD.A,52100
PDLB,52100
EOSEW,52000
PTHL,52000
VOXX,51900
BAC-B,51800
MUA,51700
OSS,51700
VGSR,51700
NUTX,51600
TIPT,51600
MOB,51500
CIA,51400
EFT,51400
GIGGW,51400
MCI,51400
COF-L,51300
LARK,51300
AXDX,51200
MMI,51200
ATNF,51100
BIPI,51100
MBRX,51100
NIC,51100
SABS,51000
EDUC,50900
BKN,50800
PRSO,50800
ANTE,50700
KTF,50700
LCUT,50700
MATH,50700
GRNQ,50600
HBB,50600
UPC,50600
CWCO,50500
PDEX,50500
BYFC,50400
REVBW,50400
CELU,50300
IHD,50200
SST,50200
ATHS,50100
DTST,50100
LEGH,50000
CNF,49900
FOF,49900
THCPW,49900
CNTB,49800
MS-I,49800
STRR,49700
BOSC,49200
MGRX,49200
HPI,49100
PHX,49100
SOS,49100
ALTS,49000
FLXR,49000
GENK,48900
CTNM,48800
HYPR,48800
CTRM,48600
LFVN,48600
LND,48600
AQNB,48500
EZFL,48500
TRIB,48500
ROBT,48300
WFC-Y,48300
EQH-A,48200
UTEN,48200
MFIN,48100
MNY,48100
MTB-J,48100
QRHC,48100
TOP,48000
AGNCP,47900
JWEL,47800
ACV,47700
IDN,47700
WAL-A,47700
AENT,47600
DYAI,47600
OZKAP,47600
LGI,47500
MMLP,47500
PKE,47500
RCMT,47500
UONE,47500
CDLR,47400
GNLN,47400
NEE-N,47300
XGN,47200
LRHC,47100
RLTY,47100
CGBSW,47000
MCHX,47000
AVPTW,46800
VRTS,46800
ICG,46500
TCX,46500
TLSI,46400
BBUC,46300
TLYS,46300
XBIT,46300
MPAA,46200
NNI,46200
ORKT,46200
PHI,46200
SHMD,46200
SXI,46200
UAN,46200
VISL,46200
AERT,46100
PMTS,46100
AUNA,46000
DFP,46000
F-D,46000
TWFG,45900
ASTLW,45800
SCH-D,45800
TDF,45800
ATLC,45700
FINX,45700
HGLB,45700
SGC,45700
VS,45700
KDLYW,45600
LFWD,45600
ZTEK,45600
BWMX,45500
DLR-K,45500
SOHU,45500
SPHL,45500
INBX,45400
MNOV,45400
BTOG,45300
FTA,45200
QQQJ,45200
ARTV,45100
ATH-A,45100
GDHG,45100
PWM,45100
BAERW,45000
NXGL,45000
BWAY,44900
CRGO,44900
ISPR,44900
NVA,44900
CRIS,44800
MVO,44800
ACHL,44700
BLFY,44700
GLP,44700
NTRP,44500
UZD,44500
EFR,44400
MOGO,44300
NUW,44300
USB-S,44300
ETB,44100
MSB,44100
VRM,44100
MFA-C,44000
MSAI,44000
ESCA,43700
PLRZ,43700
EVGN,43600
MSFD,43600
LVTX,43500
JCE,43400
KRE-A,43300
ARE-B,43200
CHSCN,43200
GDIV,43200
GRC,43000
NIXT,43000
XBP,43000
MLAB,42900
RMCF,42900
SMC,42900
INKT,42800
RGC,42800
USB-Q,42800
APYX,42700
FSTR,42700
GB.W,42700
POLA,42700
TWIN,42700
LNSR,42600
SPFI,42600
OBIO,42500
SGD,42500
EVF,42400
PFTAW,42300
PPBT,42300
SCH-J,42300
FTXN,42200
SREA,42200
UFI,42200
NRP,42000
TFC-R,42000
EQBK,41900
PSA-L,41900
AVTX,41700
DAIO,41700
INHD,41700
NLY-F,41700
QQEW,41700
SVRE,41700
VOTE,41700
ABR-D,41600
TOIIW,41500
USB-P,41400
WIA,41400
OPAD,41200
CCB,41100
ESQ,41100
PFO,41000
NIM,40900
SERA,40900
SKOR,40900
VTWV,40900
CFG-H,40800
CHSCP,40800
CXSE,40800
DERM,40800
MS-E,40700
PRN,40700
PTF,40700
AEFC,40600
CRVL,40600
ISPO,40600
ZIONO,40600
CYTO,40500
ESGL,40500
LITB,40500
BHFAN,40400
BSMP,40400
BSMT,40400
MGF,40400
PNI,40400
BTMWW,40100
CBNA,40100
MRKR,40100
OCS,40100
QVCC,40100
AYRO,40000
EZGO,40000
F-C,40000
PROF,40000
PROP,40000
THFF,40000
BAN-F,39900
ULH,39900
CLB.W,39700
SYF-B,39700
HSON,39600
MPLN,39600
NATR,39500
BGSF,39400
DGRS,39400
EQV.W,39400
ASMB,39300
NAYA,39300
ANSC,39100
SEVN,39100
PRT,39000
XYF,38900
DARE,38800
FUND,38800
BLIN,38700
PCYO,38700
SEED,38700
GHRS,38600
IFV,38600
AROW,38500
ELUT,38500
AIHS,38400
BUI,38400
STHO,38400
EM,38300
GS-C,38300
BCML,38200
RIT-D,38200
TSI,38200
WTFCP,38200
RGS,38100
AGM,38000
BTO,38000
SNAL,38000
ALVO,37900
PSA-H,37900
BAR.W,37800
CDZIP,37800
CBAN,37700
CASS,37600
ISTR,37600
JGH,37600
RMM,37600
OLP,37400
BEPI,37300
PGP,37300
NVVEW,37200
GOCO,37100
SBXD,37100
TTNP,37100
BENFW,37000
GLMD,37000
RDI,37000
ZYXI,37000
ALRN,36900
FFA,36900
NZAC,36900
GB,36800
MBINO,36800
WF,36800
ABLLW,36700
CZFS,36700
MNT.W,36700
USOY,36700
TDS-V,36600
EVAX,36500
HNVR,36500
KMDA,36500
NXG,36500
RSVR,36500
ASYS,36400
BJDX,36400
FMBH,36400
GVH,36400
IH,36400
QBUF,36400
FYC,36300
IIF,36300
JEQ,36300
PARAA,36300
CREG,36200
GSRTU,36200
LRE,36200
DSGR,36100
USXF,36100
NFXL,36000
PCSA,36000
AGNCO,35900
CISO,35900
JXN-A,35900
PHO,35900
PMT-C,35900
TPCS,35900
JUNE,35800
RCKY,35800
BNDW,35700
DWAS,35700
NOA,35700
TORO,35700
UEIC,35700
AIRJ,35600
BBDO,35600
PRS,35500
VTC,35500
NPK,35400
NXPL,35300
DNMR,35200
FOXX,35200
GPM-A,35200
KBDC,35100
SYF-A,35100
ANL,35000
BWMN,34900
CHSCL,34900
MPB,34800
CTV.W,34700
NMG,34700
EOT,34600
OWLT,34600
SIXG,34600
CLBR,34500
VEON,34500
PXS,34400
MCN,34300
MVT,34200
SKGRW,34200
TBRG,34200
VIVK,34100
ABPWW,34000
SHMDW,34000
DIAX,33900
MRNOW,33900
UFPT,33900
QQA,33800
ETX,33700
JFIN,33700
LEXXW,33700
SDHC,33700
CHSCM,33600
SOJC,33600
SPL-A,33600
BKYI,33500
BZFDW,33500
ISPC,33500
RUNN,33500
CDROW,33400
CVKD,33400
NEXA,33400
HYB,33300
MCBS,33300
AOUT,33200
BREA,33200
JYNT,33200
NATH,33200
ALL-J,33100
LMNR,33000
ROMA,33000
CDTX,32900
HLP,32900
MGR,32900
NNY,32900
ALCO,32800
BYM,32800
CFG-E,32700
CTBI,32700
HBANP,32700
LEV.A,32700
BHRB,32600
CPOP,32600
LYT,32600
NSYS,32600
OACCU,32600
WNEB,32600
BAC-K,32500
MIND,32500
ONIT,32500
RBB,32500
SMTI,32500
SNYR,32500
IZTC,32400
RMMZ,32400
CTDD,32300
CXE,32300
PCM,32300
WPRT,32300
F-B,32200
FDT,32200
GAM,32200
IRMD,32200
KEY-J,32100
MKL,32100
RELL,32100
GLSI,32000
NRT,32000
VONE,32000
FAB,31900
FER,31900
RTC,31900
SNSR,31900
IZM,31700
AIMD,31600
EMO,31600
KEQU,31600
LUCY,31600
NXC,31600
PERF,31500
TFC-O,31500
ALCYW,31400
SMHX,31400
SXTC,31400
ARTNA,31300
KVHI,31300
MFI,31300
OPBK,31300
STBX,31300
TENX,31300
CVLG,31200
IEUS,31100
KRT,31100
SPE,31100
ABR-F,31000
DHIL,31000
LVHD,31000
SRV,31000
SWZ,31000
AVGR,30900
EQC-D,30900
FID,30900
INTJ,30900
PSA-F,30900
PSA-G,30900
SONN,30900
MET-E,30800
LOAN,30700
CRAI,30600
NTRSO,30600
BTA,30400
ENGN,30400
CALC,30300
DLTH,30300
IPDN,30300
MS-F,30300
PBI-B,30300
WBND,30300
MET-A,30200
PSF,30100
RLYB,30000
ETO,29900
FYX,29900
LRFC,29900
RCON,29900
SLGL,29800
WLKP,29800
ENLT,29700
FCNCP,29700
COF-N,29600
SCKT,29600
SF-C,29600
VNO-L,29600
BHFAO,29500
FTXO,29500
OPY,29500
BRKHW,29400
BVFL,29400
DLR-J,29400
MCVT,29400
THTX,29400
VTWG,29400
ACGLN,29300
CPSS,29300
FLXS,29300
HFR-A,29300
AP,29200
BIAF,29200
JSMD,29200
XCH,29200
ZOOZ,29200
ACGLO,29100
FENG,29100
VALN,29100
BATRA,29000
BON,29000
BRT,29000
LIXT,29000
PSA-P,28900
TYG,28900
VPLS,28900
ACR-D,28800
TCBIO,28800
SCD,28700
SMCO,28700
CYTH,28600
HPH,28600
PVBC,28600
DMXF,28500
HTBI,28400
ICMB,28400
CSTE,28300
LAKE,28300
COEPW,28200
GAIA,28200
GTEC,28200
HPP-C,28200
ADC-A,28100
CLMB,28100
ESLA,28000
KZIA,28000
MDV,28000
OBIL,28000
PSTV,28000
TPZ,28000
UTWO,28000
GELS,27900
GTBP,27900
IBTO,27900
MITP,27900
SIEB,27900
WHLR,27900
IAE,27800
LCFY,27800
WSBF,27800
BHFAM,27600
FITBI,27600
NMI,27600
RILYL,27600
ACRV,27500
IUS,27500
YYGH,27500
SBI,27400
ESEA,27300
CIM-C,27200
VGI,27200
BCDA,27100
CBNK,27100
CUBA,27100
FTXL,27100
MGRM,27100
NREF,27100
XOS,27100
KBWP,27000
OZEM,27000
THAR,27000
ATH-B,26900
AHT,26800
OESX,26800
PIM,26800
WTBA,26800
CCLDP,26700
FGF,26700
GURE,26700
PALI,26700
BHFAP,26600
LIDRW,26500
RMI,26500
SMBC,26300
SPGC,26300
MAGX,26200
RILYT,26200
SGRP,26200
BSJU,26100
FRPH,26100
JFU,26100
MRBK,26100
ET-I,26000
FEP,26000
CPSH,25900
HSCS,25900
SEEM,25900
ATH-D,25800
GF,25800
JBK,25800
REFR,25800
TETE,25800
WABF,25700
BKHA,25600
CAF,25600
FICS,25600
KEY-K,25600
RFM,25600
STEC,25600
CLGN,25500
CREVW,25500
WLFC,25500
PGZ,25400
RVSB,25400
ALL-I,25300
CMPOW,25300
FRBA,25300
GAUZ,25300
OMH,25300
TWN,25300
AXS-E,25200
CAAS,25200
FSBC,25200
ILLRW,25200
VATE,25200
DDI,25100
DUKB,25100
EMF,25100
GDEVW,25100
IPKW,25100
KPRX,25100
JOUT,25000
SFLO,25000
BSMO,24900
KTTA,24900
SCE-M,24900
SMID,24900
BSL,24800
FUNC,24800
LNKB,24800
SKRE,24800
VBNK,24800
CMLS,24700
FGB,24700
HYDR,24700
GLOW,24600
MODL,24600
XAIX,24600
REGCO,24500
BWFG,24400
FCCO,24400
CZNC,24300
JSML,24300
MS-P,24300
ADSEW,24200
CCM,24200
CHSCO,24200
EWJV,24200
FITBO,24200
CCBG,24100
CHN,24100
SLNZ,24100
FLC,24000
GCBC,24000
GS-A,24000
PBFS,24000
SCE-J,24000
SMBK,24000
STRT,24000
ZAPPW,24000
OKYO,23900
FXNC,23800
MVBF,23800
RILYK,23800
ROCLW,23800
AISPW,23700
FEMB,23700
MDST,23700
NYXH,23700
CFFI,23600
CODA,23600
UMMA,23600
GRCE,23500
RF-E,23500
VSTEW,23500
AQB,23400
ATLO,23400
EMCGR,23400
SRBK,23400
BBU,23300
BRLSW,23300
FLDDW,23300
JNVR,23300
SNT,23300
AMST,23200
BEP-A,23200
DLR-L,23200
ENG,23200
MGRE,23200
SNGX,23200
CPIX,23100
GPJA,23100
IMOS,23100
LDSF,23100
SPCB,23100
COD-A,23000
EAI,23000
FBIZ,23000
NEPH,23000
ASBA,22900
BPYPN,22900
DTG,22900
RLJ-A,22900
AIRG,22800
GGLS,22800
IVA,22800
NLSP,22800
STT-G,22800
PCB,22700
SPMA,22700
RZC,22600
AHL-D,22500
CAPL,22500
CLWT,22500
INV,22500
KKRS,22500
LDTCW,22500
VEL,22500
LPAAW,22400
RF-C,22400
HPF,22300
LDWY,22300
PSCI,22300
DLPN,22200
GNFT,22200
JHI,22200
RENT,22200
SBT,22200
UHG,22200
ASTC,22100
GNMA,22100
HONDW,22100
PALT,22100
RMSGW,22100
SYPR,22100
BIPH,22000
ELC,22000
FCBC,22000
STKH,22000
BSMS,21800
CXAIW,21800
INM,21800
JHS,21800
LRGE,21800
AREB,21700
CPTN,21700
IVAC,21700
PSHG,21700
LCNB,21600
SRET,21600
APOS,21500
AXR,21500
JG,21500
HBT,21400
PRTG,21400
SCE-L,21400
BEPH,21300
BLCN,21300
IGI,21300
SHOC,21300
FEMS,21200
RILYM,21200
VIASP,21200
CFBK,21100
NYMTM,21100
BNTC,21000
CIMO,21000
FTII,21000
MPA,21000
RILYG,21000
RILYP,21000
AFRIW,20900
AGNCN,20900
OTRK,20900
PLPC,20900
BOH-B,20800
SVII,20800
USCB,20800
WOK,20800
ATLCZ,20700
DRMA,20700
XHG,20700
KARO,20600
XBIO,20600
BHIL,20500
SLDPW,20500
NEWZ,20400
TTSH,20400
YOSH,20400
YQ,20400
LNC-D,20300
NHTC,20300
SKGR,20300
UZE,20300
AC,20200
CZWI,20200
NSTS,20200
AYTU,20100
GQQQ,20100
IONR,20100
LEN.B,20100
UZF,20100
BOCNW,20000
GHLD,20000
ECDA,19900
NOT.W,19900
NVR,19900
SEIS,19900
DHCNI,19800
MYFW,19800
NFTY,19800
PIK,19800
PAVM,19700
SLVO,19700
KGEI,19600
NEU,19600
QQQT,19600
ABLV,19500
AHG,19500
BCBP,19500
BDRX,19500
KORE,19500
NIOBW,19500
QMOM,19500
USVM,19500
SETM,19400
SOPA,19400
ESGRP,19300
MIT-C,19300
AENTW,19200
OCSAW,19200
UNB,19200
ELWS,19100
FNX,19100
IZEA,19100
NRBO,19100
RFDI,19100
SJ,19100
TRAW,19100
CHMG,19000
IGA,19000
RNSC,19000
SUSL,19000
UBRL,19000
ZJK,19000
FTLF,18900
KEY-I,18900
LSAK,18900
MFA-B,18900
MNYWW,18900
NERV,18900
XWEL,18900
FMAO,18800
IPWR,18700
SPXX,18700
AHL-E,18600
ILAG,18600
KFS,18600
SWVL,18600
BPTH,18500
CMSD,18500
EXEEL,18500
NODK,18500
WRLD,18500
ZIONL,18500
CVV,18300
GECC,18300
HHS,18300
INCR,18300
KPLT,18300
METD,18300
MPX,18300
NLY-I,18300
PAMT,18300
PSA-O,18300
VFSWW,18300
BSCY,18200
ECOW,18200
FCA,18200
JRSH,18200
CRT,18100
FVCB,18100
GRX,18100
IMTE,18100
LVLU,18100
CHCI,18000
EFOI,18000
FINW,18000
NL,18000
SAMG,18000
SBFG,18000
ARR-C,17900
BML-J,17900
OBLG,17900
PKOH,17900
BFIN,17800
CIM-B,17800
IMCC,17800
MPV,17800
OPINL,17800
UBFO,17800
BML-H,17700
FT,17700
BHST,17600
METCB,17600
NVEC,17600
SF-D,17600
AUROW,17500
DYNI,17500
SLG-I,17500
TISI,17500
ALL-B,17400
ATXG,17400
DOGZ,17400
EBTC,17400
ESLT,17400
NNAVW,17400
SCE-H,17400
UK,17400
UTMD,17400
CDC,17300
EXTO,17200
THLV,17200
COFS,17100
GOODO,17100
SFST,17100
SPYQ,17100
BFC,17000
BNJ,17000
PSA-S,17000
RZB,17000
TATT,17000
GSBC,16900
NTWK,16900
TSMZ,16900
ECC-D,16800
HRTS,16800
INBK,16800
OBT,16800
RFL,16800
SBR,16800
UFO,16800
FNLC,16700
ORGNW,16700
TNFA,16700
BGRN,16600
CXH,16600
AEI,16500
AIRT,16500
HQI,16500
MLP,16500
NYAX,16500
WHLRD,16500
ASRV,16400
EVSD,16400
FTWO,16400
STXT,16400
TVC,16400
CCGWW,16300
DBR-I,16300
DSY,16300
FBR-E,16300
HEQ,16300
HUDI,16300
OLB,16300
CNET,16200
EHGO,16200
GROW,16200
MITAW,16200
WCC-A,16200
BRKH,16100
PFM,16100
PMEC,16100
PROCW,16100
TOMZ,16100
CGABL,16000
EVOK,16000
PFH,16000
RNR-G,16000
SNV-D,16000
TCRT,16000
CUBWW,15900
DTW,15900
EDSA,15900
SR-A,15900
VSMV,15900
BMN,15800
COPP,15800
DLHC,15800
HBCP,15800
JSM,15800
SSBI,15800
FGL,15700
GDL,15700
HIG-G,15700
HPAI,15700
KF,15700
KZR,15700
PRENW,15700
PSA-I,15700
QH,15700
SUNS,15700
BNR,15600
CCEC,15600
NAZ,15600
UNTY,15600
ATPC,15500
BIS,15500
STXK,15500
TARK,15500
AIZN,15400
BPYPP,15400
EPSN,15400
HEPA,15400
IXHL,15400
TEAF,15400
AGM-G,15300
EBR.B,15300
PSIG,15300
SUUN,15300
BSVN,15200
SLMBP,15200
USAF,15200
FORD,15100
LEE,15100
SCE-N,15100
STG,15100
VNO-N,15100
AACG,15000
CFR-B,15000
LSTA,15000
TBN,15000
LUXHP,14900
PSA-K,14900
XOVR,14900
ZKIN,14900
COCP,14800
EEA,14800
EPRX,14800
ESSA,14800
GHC,14800
HYZD,14800
PKBK,14800
VHI,14800
YIBO,14800
AIA,14700
PYN,14700
TLX,14700
WSBCP,14700
ATXI,14600
AVAL,14600
RAY,14600
BETR,14500
CCTG,14500
FNWB,14500
MOVE,14500
PYPD,14500
RAVE,14500
STXE,14500
AHL-C,14400
APO-A,14400
FAAR,14400
KACL,14400
ODC,14400
SKIL,14400
AGNCL,14300
MLEC,14300
NLY-G,14300
SLNHP,14300
UNMA,14300
ICOP,14200
ILIT,14200
IMTXW,14200
MBCN,14200
NETZ,14200
SENEA,14200
ACR,14100
COOTW,14100
SLNG,14100
TTP,14100
TWO-A,14100
CGBDL,14000
GWRS,14000
HBANL,14000
MGIC,14000
NRIM,14000
VEEE,14000
BIB,13900
DBR-J,13900
VHC,13900
ELPC,13800
FGFPP,13800
GTIM,13800
LFLY,13800
MGOL,13800
CMND,13700
ENGNW,13700
MARX,13700
BSBK,13600
CYD,13600
GNTY,13600
YOTAW,13600
AVL,13500
DSX.W,13500
FLX,13500
IMCV,13500
OCTO,13500
POCI,13500
PSA-J,13500
PSBD,13500
BML-L,13400
BOH-A,13400
BSMQ,13400
BYSI,13400
FSBW,13400
IQQQ,13400
JCSE,13400
EBMT,13300
NCZ-A,13300
SCOR,13300
TDSC,13300
WINA,13300
CHM-B,13200
CTEC,13200
EQH-C,13200
FKWL,13200
GLTO,13200
MER-K,13200
MNDO,13200
STXG,13200
CSBR,13100
DSMC,13100
FGBI,13100
QVCD,13100
XIN,13100
ABTS,13000
NRUC,13000
RDHL,13000
ALTY,12900
CEAD,12900
EML,12900
GIPR,12900
NEE-S,12900
ADAG,12800
AGM-F,12800
CIM-A,12800
DSYWW,12800
GRVY,12800
LANDO,12800
PMCB,12800
SONM,12800
ACNB,12700
PXI,12700
SWAG,12700
IPX,12600
PWOD,12600
CIM-D,12500
FORL,12500
ISSC,12500
RMBI,12500
TSPY,12500
FFNW,12400
LVWR,12400
TRINZ,12400
HERD,12300
JIVE,12300
OVLY,12300
PAI,12300
QXQ,12300
SNV-E,12300
VSME,12300
WFC-L,12300
ESGRO,12200
NDP,12200
PMT-B,12200
SFB,12200
TEN-E,12200
EVE.T,12100
GBBKW,12100
HOFT,12100
INVZW,12100
LOBO,12100
MSS,12100
PNBK,12100
SNTI,12100
USGOW,12100
ANG-A,12000
HWCPZ,12000
QABA,12000
QTOP,12000
XRTX,12000
ASET,11900
EDOC,11900
LAN.W,11900
SCNX,11900
TWO-C,11900
TYGO,11900
CLPS,11800
DDT,11800
FAASW,11800
GINX,11800
RBCAA,11800
CUB,11700
ESPO,11700
KBWR,11700
NGL-B,11700
OXBR,11700
VTHR,11700
AGAE,11600
ATH-E,11600
CATH,11600
MARPS,11600
PCTTW,11600
PMD,11600
RIT-B,11600
SPRX,11600
STXV,11600
HOLOW,11500
INTS,11500
RECT,11500
CRESW,11400
SEA-B,11400
ARTW,11300
CMS-C,11300
DXJS,11300
FBIOP,11300
OFLX,11300
BACK,11200
BHFAL,11200
BWSN,11200
CMR-D,11200
CPBI,11200
CRML,11200
HUMAW,11200
LIVR,11200
LOCL,11200
SGA,11200
TSAT,11200
DWTX,11100
DYCQ,11100
EMP,11100
MXE,11100
RDW.W,11100
BRTX,11000
CELZ,11000
CEROW,11000
GWH.W,11000
UG,11000
BSMR,10900
GOEVW,10900
MTB-H,10900
ROE,10900
TXMD,10900
VAL.W,10900
WBS-G,10900
WCBR,10900
CEE,10800
GIFT,10800
HBANM,10800
MACI,10800
QQQP,10800
RSVRW,10800
SNPX,10800
AMID,10700
GLP-B,10700
QVAL,10700
RIT-A,10700
BC-C,10600
CLST,10600
DTB,10600
EPR-C,10600
FDNI,10600
LSEAW,10600
NTG,10600
ROCL,10600
VABK,10600
BOWN,10500
CPAI,10500
FONR,10500
NSA-A,10500
RM,10500
TRT-D,10500
TVE,10500
ALVOW,10400
FVN,10400
GRRRW,10400
IBTP,10400
PSTR,10400
SEATW,10400
SPMC,10400
SYBX,10400
TSBK,10400
AAME,10300
BBH,10300
BNH,10300
BROG,10300
CLSM,10300
SBFMW,10300
SWKH,10300
YQQQ,10300
ARKR,10200
BELFA,10200
CFO,10200
CSB,10200
EIIA,10200
FDIV,10200
FRES,10200
KEN,10200
RSF,10200
VOY-B,10200
CETY,10100
ELTX,10100
FDTX,10100
LANDP,10100
LINK,10100
LKCO,10100
MDCX,10100
MGRB,10100
AOMN,10000
BITS,10000
CMAXW,10000
CRWS,10000
FEX,10000
IVR-C,10000
JMSB,10000
SOBR,10000
SONDW,10000
LEDS,9900
BFL.W,9800
BRID,9800
FLNT,9800
IVCBW,9800
SVMHW,9800
FATBP,9700
MEIP,9700
MMVWW,9700
PKW,9700
REGCP,9700
SWP,9700
WTM,9700
YHGJ,9700
CAFG,9600
CREV,9600
IPHA,9600
MFAO,9600
MTEN,9600
TACT,9600
ZCARW,9600
GRN.T,9500
QQMG,9500
YJ,9500
CICB,9400
IFGL,9400
NURO,9400
SDG,9400
VLGEA,9400
XMAG,9400
ABR-E,9300
FORA,9300
GGZ,9300
INSI,9300
NEWTH,9300
NTIC,9300
OP,9300
PETWW,9300
RWAYZ,9300
TUG,9300
COF-K,9200
DOMH,9200
RKDA,9200
TAYD,9200
AMDS,9100
DVAL,9100
FMET,9100
HIDE,9100
LVRO,9100
MLECW,9100
OPTZ,9100
UCAR,9100
ANEB,9000
BNT,9000
FDFF,9000
FTAIO,9000
RMCO,9000
RRBI,9000
SGLY,9000
SNES,9000
CJET,8900
ECBK,8900
ENTX,8900
FAT,8900
FCRX,8900
HIFS,8900
RETO,8900
WEYS,8900
BBGI,8800
BPYPM,8800
CHNR,8800
RUSHB,8800
SOR,8800
AKA,8700
BRNY,8700
IBACR,8700
MIT-B,8700
PITAW,8700
AMTD,8600
ARTL,8600
STRM,8600
TRT-A,8600
WAFU,8600
BGM,8500
FYT,8500
KEAT,8500
NPV,8500
PSA-M,8500
RGCO,8500
WRB-F,8500
CAD-A,8400
CINGW,8400
GNT,8400
HTCO,8400
LOOP,8400
NKSH,8400
PHIO,8400
SGU,8400
TRT-C,8400
ZEO,8400
CIMN,8300
CMSC,8300
ETW.W,8300
METCL,8300
NYMTN,8300
QYLG,8300
SCE-K,8300
SDST,8300
TFC-I,8300
BIPJ,8200
FJP,8200
HDL,8200
HURC,8200
IRIX,8200
SOPH,8200
UONEK,8200
WHG,8200
YHNA,8200
FOSLL,8100
MYNA,8100
FSEA,8000
INDP,8000
WTFCM,8000
ELSE,7900
KMPB,7900
MTEX,7900
SPC,7900
SRL,7900
WRB-H,7900
ARBEW,7800
EPOW,7800
FNY,7800
PRH,7800
JLS,7700
JPI,7700
PLBC,7700
VLT,7700
BPRN,7600
ESN,7600
RGT,7600
SCE-G,7600
WFCF,7600
AUB-A,7500
GAB-H,7500
GDV-K,7500
MGRD,7500
OAK-B,7500
TAIT,7500
AIRJW,7400
ATC-D,7400
FLG-U,7400
GEG,7400
NMT,7400
NWFL,7400
OPXS,7400
XTLB,7400
AVXC,7300
CFA,7300
IBAC,7300
ICCH,7300
KRMA,7300
OPP-B,7300
PTH,7300
RDIB,7300
SHO-I,7300
VNO-M,7300
WAFDP,7300
ANG-B,7200
DTF,7200
IROHR,7200
MGYR,7200
NEUE,7200
NKGNW,7200
NYMTL,7200
TEN-F,7200
ZBAO,7200
ZOOZW,7200
BCGWW,7100
FCNCO,7100
GL-D,7100
HNNA,7100
NIKL,7100
NXN,7100
ONFO,7100
RFEM,7100
AGNCM,7000
ELTK,7000
FNK,7000
GLO-C,7000
IVAL,7000
LFSC,7000
PNFPP,7000
SKYU,7000
ANSCW,6900
BAFN,6900
CHR,6900
COOT,6900
DGRE,6900
DWSN,6900
EDRY,6900
FBYD,6900
FGI,6900
FRE.W,6900
NXLIW,6900
TDSB,6900
TUGN,6900
AFGE,6800
ANGH,6800
KIM-L,6800
MDBH,6800
SILC,6800
BCOW,6700
FULTP,6700
GFAIW,6700
QRMI,6700
VTVT,6700
BRFH,6600
CARV,6600
DXR,6600
GDV-H,6600
NBTX,6600
SSBK,6600
SYTAW,6600
TWO-B,6600
DMA,6500
ENZL,6500
HTIA,6500
NEWTG,6500
TCHI,6500
ZIONP,6500
ATNFW,6400
FCEF,6400
MBINN,6400
OMIC,6400
UBCP,6400
VSTA,6400
WISE,6400
WVVIP,6400
FGN,6300
GLADZ,6300
KIM-M,6300
OCFT,6300
RNRG,6300
ATLCP,6200
BLACW,6200
BSET,6200
BSMY,6200
CURR,6200
DJCO,6200
DYFI,6200
FPXI,6200
KRKR,6200
NAMSW,6200
PNS.W,6200
PRE,6200
REX-B,6200
SVREW,6200
CHEK,6100
COPJ,6100
CPAC,6100
GEF.B,6100
HOVRW,6100
MS-L,6100
PIRS,6100
PSA-Q,6100
PT,6100
REIT,6100
RFAI,6100
RNR-F,6100
RWTN,6100
TPGXL,6100
ATHE,6000
FCAL,6000
GLO-B,6000
NUKKW,6000
NVVE,6000
SF-B,6000
SHIM,6000
THIR,6000
ZEPP,6000
AFGC,5900
AFGD,5900
BAC-L,5900
BLBX,5900
ECCX,5900
LIEN,5900
LITP,5900
MEMS,5900
MSC,5900
NXTG,5900
QNXT,5900
TPTA,5900
UTHY,5900
WGSWW,5900
ALSA,5800
EQV,5800
GTN.A,5800
IPXX,5800
NGL-C,5800
PNRG,5800
PPI,5800
RAYS,5800
SLXNW,5800
WRB-G,5800
BANX,5700
HUBCW,5700
NMS,5700
PSCH,5700
RC-E,5700
SLRX,5700
TURB,5700
VACH,5700
WMPN,5700
BSSX,5600
CPLS,5600
DIVY,5600
DRH-A,5600
GOVXW,5600
HYXF,5600
MBAV,5600
ACNT,5500
ASB-F,5500
ASPCU,5500
BH,5500
BODI,5500
FTXG,5500
NTRB,5500
PIO,5500
TCTM,5500
TLF,5500
WBS-F,5500
ATIF,5400
BAC-E,5400
COWS,5400
DSX-B,5400
FDCF,5400
FRT-C,5400
FSCS,5400
ITIC,5400
LIVE,5400
MBINM,5400
ODVWZ,5400
RAYA,5400
WHLM,5400
ENO,5300
FMED,5300
GAB-K,5300
GAINL,5300
GNL-D,5300
MTR,5300
CAPN,5200
CCLDO,5200
EPR-G,5200
HERO,5200
KQQQ,5200
KVAC,5200
SABSW,5200
SDSI,5200
CCIXU,5100
DYTA,5100
GSUN,5100
OXLCI,5100
PMBS,5100
PSCU,5100
VNO-O,5100
ACP-A,5000
BIP-B,5000
BRTR,5000
DFLIW,5000
NC,5000
APRE,4900
BRLS,4900
FRAF,4900
VLYPN,4900
BWNB,4800
GBLI,4800
GUT-C,4800
MILN,4800
SELF,4800
VLYPO,4800
ACR-C,4700
AIFD,4700
ATC-H,4700
CBFV,4700
GLBS,4700
INDH,4700
PDBA,4700
PEB-G,4700
PIE,4700
SOHOB,4700
SQFTW,4700
TRINI,4700
EFC-A,4600
FCAP,4600
IROQ,4600
PSA-N,4600
ALF,4500
ECCC,4500
EICC,4500
EMEQ,4500
FUSB,4500
HOVNP,4500
IBGA,4500
INAQW,4500
OPP-A,4500
PSCC,4500
RTH,4500
VACHW,4500
WILC,4500
AGNG,4400
ALSAW,4400
ALX,4400
CRD.B,4400
FHN-E,4400
FMY,4400
HSPTU,4400
ICUCW,4400
MMKT,4400
SOGP,4400
STXM,4400
TCI,4400
WOOD,4400
ARBKL,4300
ATMVR,4300
CFFS,4300
CIO-A,4300
DDIV,4300
ECCF,4300
ERNZ,4300
HISF,4300
HROWM,4300
HWBK,4300
INBKZ,4300
MNSB,4300
RWTO,4300
BSMW,4200
CALI,4200
FLN,4200
GNL-E,4200
GNTA,4200
SCNI,4200
VSDA,4200
YGMZ,4200
AGIX,4100
AGM-E,4100
AKO.B,4100
BML-G,4100
HIHO,4100
HTIBP,4100
OAK-A,4100
PETZ,4100
TSMU,4100
VEEAW,4100
WLDSW,4100
CCIA,4000
CJJD,4000
DLN-A,4000
HKIT,4000
KITTW,4000
MDRRP,4000
NFXS,4000
PMAX,4000
PSE-A,4000
RSLS,4000
APWC,3900
BAOS,3900
EDTK,3900
EEIQ,3900
FBOT,3900
GMR-A,3900
IGTAR,3900
LBRDP,3900
NCSM,3900
NMFCZ,3900
NMHIW,3900
OCG,3900
FCVT,3800
FXED,3800
GLO-A,3800
OPOF,3800
SHFSW,3800
TBNK,3800
XOMAO,3800
CITEW,3700
CNOBP,3700
EBIZ,3700
EPR-E,3700
GAINN,3700
IGTAW,3700
LXEH,3700
MKZR,3700
MOGU,3700
SPN-B,3700
UCB-I,3700
CEP,3600
CSCI,3600
EFC-B,3600
EICB,3600
FDBC,3600
GNL-A,3600
NAII,3600
PY,3600
RBKB,3600
STXD,3600
BIP-A,3500
CCZ,3500
GNL-B,3500
GRP.U,3500
HTLFP,3500
LFLYW,3500
TKLF,3500
VGAS,3500
BACQU,3400
BEPJ,3400
CDL,3400
FHN-F,3400
INAQ,3400
IROHW,3400
PUI,3400
STRS,3400
ATLCL,3300
CA,3300
CMSA,3300
DEMZ,3300
FVC,3300
IMRN,3300
UTSI,3300
AHH-A,3200
AIRTP,3200
GIGM,3200
GYLD,3200
IHYF,3200
MACIW,3200
MIT-A,3200
OMCC,3200
PAVMZ,3200
POWWP,3200
SIMA,3200
SPLP,3200
TRT-B,3200
TRT-E,3200
UIVM,3200
AFRI,3100
BHR-D,3100
CSLRW,3100
CVE.W,3100
ETI.P,3100
FNWD,3100
GHG,3100
HCOW,3100
JMM,3100
MFLX,3100
MULL,3100
NLSPW,3100
NRE-A,3100
NYC,3100
OXLCL,3100
PSCF,3100
RWAYL,3100
WRB-E,3100
AFGB,3000
CANC,3000
CHM-A,3000
CULP,3000
DHAI,3000
DX-C,3000
HYAC,3000
OXLCN,3000
PEB-H,3000
PFI,3000
STXI,3000
BANL,2900
CTA-B,2900
DBR-H,2900
FITBP,2900
GSL-B,2900
HYBX,2900
IMOM,2900
NVDW,2900
ONBPO,2900
PEZ,2900
PSCD,2900
PSL,2900
QQQW,2900
SNCRL,2900
UWM.W,2900
VALU,2900
AMH-H,2800
DCOMG,2800
EMXF,2800
GRB-A,2800
IBBQ,2800
IVR-B,2800
MSBIP,2800
NETD,2800
RFIL,2800
RJF-B,2800
USB-A,2800
BPYPO,2700
EP-C,2700
FDIF,2700
GLBZ,2700
IVCA,2700
NERD,2700
NTZ,2700
QSIX,2700
BC-A,2600
DHCNL,2600
DUKX,2600
GCT.W,2600
GRW,2600
MRM,2600
NCV-A,2600
OCEAW,2600
PIZ,2600
PRI-L,2600
SOCL,2600
AFBI,2500
CANQ,2500
CCSO,2500
HYA.W,2500
INTG,2500
IVDAW,2500
PRI-G,2500
SATLW,2500
TRT-P,2500
ABLLL,2400
AMPGW,2400
ARL,2400
BEST,2400
DCOMP,2400
DSTX,2400
FAD,2400
IMPPP,2400
MITA,2400
MYCM,2400
OAKU,2400
ONFOW,2400
SOTK,2400
XYLO,2400
AGM-D,2300
ARG-A,2300
AUMI,2300
BWBBP,2300
CRMLW,2300
EURK,2300
GREEL,2300
MFAN,2300
TDTH,2300
AMH-G,2200
CCNEP,2200
FBZ,2200
GTR,2200
LBTYB,2200
NRXPW,2200
NYMTI,2200
OPTXW,2200
OXLCZ,2200
SAY,2200
SHLT,2200
SPE-C,2200
TTEQ,2200
ARGD,2100
BC-B,2100
BDGS,2100
CIG.C,2100
GAINZ,2100
MRNO,2100
NXGLW,2100
PEB-F,2100
QHDG,2100
SEA-A,2100
XFL-A,2100
AREBW,2000
CNCR,2000
DLN-B,2000
EICA,2000
GIGGU,2000
GJO,2000
HYMCL,2000
PER.W,2000
POLE,2000
PRTC,2000
QETA,2000
QQXT,2000
SAT,2000
SOXM,2000
SQFTP,2000
AHT-D,1900
ASB-E,1900
BJK,1900
CNFR,1900
CTO-A,1900
DTCK,1900
EFC-E,1900
GDEV,1900
IBOT,1900
INN-E,1900
IPXXW,1900
LSBPW,1900
MDRR,1900
MDV-A,1900
MOLN,1900
PMTU,1900
PRI-H,1900
QETAR,1900
SPCX,1900
SRG-A,1900
TROO,1900
VNCE,1900
AHT-G,1800
AQWA,1800
BCAN,1800
BFRIW,1800
DTSTW,1800
FTXR,1800
GLDI,1800
HYTR,1800
LGRO,1800
MOBXW,1800
NCRA,1800
NVNI,1800
PABU,1800
PBHC,1800
TAXE,1800
NTEST.I,1720
AACT,1700
DALI,1700
DECO,1700
FUFUW,1700
IVCP,1700
KLTOW,1700
LCFYW,1700
LEGR,1700
LXP-C,1700
MCSE,1700
MYCJ,1700
PROV,1700
RNWWW,1700
BFS-E,1600
BHR-B,1600
CARZ,1600
CELUW,1600
CMR-B,1600
CUB-E,1600
DGICB,1600
FPXE,1600
GXTG,1600
ISHG,1600
KNGZ,1600
OCCIM,1600
PHAR,1600
SPAM,1600
SSKN,1600
ADVWW,1500
APXI,1500
EMCB,1500
GAB-G,1500
GLLIW,1500
JMID,1500
KTTAW,1500
LGHLW,1500
PSCM,1500
REX-C,1500
RIV-A,1500
SFBC,1500
SHRY,1500
SIGIP,1500
TVGNW,1500
VLYPP,1500
WVVI,1500
XELB,1500
AAC.S,1400
BOCN,1400
BRK.A,1400
BSJW,1400
BTSGU,1400
CSWCZ,1400
FBYDW,1400
FKU,1400
GECCH,1400
ICR-A,1400
INN-F,1400
JZXN,1400
LANDM,1400
MAPSW,1400
MITN,1400
ML.W,1400
MYCN,1400
POLEU,1400
PRPO,1400
SMRI,1400
TRINL,1400
ALOT,1300
CSLMR,1300
DSWL,1300
HROWL,1300
IGCB,1300
KTH,1300
OCC,1300
OXLCP,1300
ABCS,1200
BEATW,1200
BFRGW,1200
EFC-C,1200
ENJ,1200
GAM-B,1200
GJT,1200
HYMCW,1200
LDEM,1200
MAA-I,1200
MBAVW,1200
MQQQ,1200
NXD-A,1200
QOWZ,1200
SBBA,1200
SELX,1200
BHV,1100
CLD-A,1100
DIVD,1100
DVOL,1100
FEDU,1100
FSHP,1100
FTAG,1100
HONDU,1100
ISRLW,1100
KROP,1100
KVACW,1100
MHNC,1100
NEWTI,1100
PRI-J,1100
SOHON,1100
SPYM,1100
SQLV,1100
SRZNW,1100
STRRP,1100
TECTP,1100
TIRX,1100
TLTM,1100
WINC,1100
XBPEW,1100
ZEOWW,1100
AUBN,1000
CDR-C,1000
DAX,1000
EFC-D,1000
ESMV,1000
FSZ,1000
FTDS,1000
MOOD,1000
NESRW,1000
NOM,1000
ONBPP,1000
OXLCO,1000
PRI-I,1000
PRI-K,1000
PSET,1000
REAI,1000
RWT-A,1000
SAJ,1000
SYT,1000
UEVM,1000
UTRE,1000
AHT-H,900
ALU.W,900
CFSB,900
CTHR,900
GSIB,900
GSMGW,900
HOFVW,900
MDCP,900
QQQA,900
SANG,900
WINVW,900
AGMI,800
AKO.A,800
CLB.U,800
CRGOW,800
CSF,800
DATSW,800
DUKH,800
GGT-G,800
JCTC,800
KFFB,800
KTN,800
MHLA,800
PABD,800
PEB-E,800
PYZ,800
QQQG,800
SIMAU,800
TDI,800
WEEI,800
XOMAP,800
BOTJ,700
CMR-C,700
FTAIN,700
GFGF,700
HPKEW,700
IIP-A,700
IROH,700
NATO,700
NVACR,700
PAVS,700
PLMJ,700
QQQS,700
SNTG,700
TNONW,700
WBX.W,700
YLDE,700
ACLO,600
AGM.A,600
ALT-A,600
CEFA,600
EVMT,600
FDSB,600
FEUZ,600
HFBL,600
LZM.W,600
MKC.V,600
MNT.U,600
MYCL,600
NPFI,600
OVBC,600
QRTEB,600
RAND,600
SAZ,600
SPKLW,600
SPYB,600
SUPP,600
TCBS,600
WHFCL,600
WLTG,600
BGRO,500
CCSB,500
CNO-A,500
CUB-F,500
DWAW,500
EGF,500
LPAA,500
LSBK,500
MDCXW,500
NTWOU,500
ONMDW,500
OXSQG,500
OXSQZ,500
QYLE,500
RCB,500
RCC,500
SMXWW,500
TBMC,500
TBMCR,500
UTWY,500
AIMAU,400
BNIXR,400
BSJV,400
CLNNW,400
CPHC,400
EFAS,400
EQRR,400
EQS,400
FMSTW,400
FTAIM,400
GBBKR,400
GEGGL,400
GJH,400
GLSTU,400
GOODN,400
HLL.W,400
INRO,400
NWGL,400
OCCIO,400
PFX,400
PRI-F,400
QETAU,400
RVPHW,400
SHO-H,400
SOHOO,400
TMET,400
TSLW,400
WAVS,400
WHLRP,400
ZZZ,400
ALDFU,300
BEEZ,300
BOTT,300
BTBD,300
CCIXW,300
CDR-B,300
CMS-B,300
CSA,300
CUBB,300
DMAT,300
EVGR,300
FGBIP,300
FHN-B,300
GDTC,300
GECCZ,300
GJP,300
GPATW,300
HYZNW,300
KELYB,300
LFMDP,300
LTRYW,300
MAGQ,300
MBAVU,300
MFICL,300
MNTN,300
ODDS,300
PDCC,300
PLMJW,300
PRI-D,300
PRLH,300
SB-C,300
SMCF,300
SMCP,300
SPG-J,300
TEKX,300
ULVM,300
VMOT,300
WNDY,300
AAM.U,200
AHT-I,200
BEDU,200
BH.A,200
CDIOW,200
CEL.P,200
CHPS,200
CITE,200
CLOD,200
DCAP,200
DVLU,200
EFSCP,200
EHLS,200
ESHAR,200
FATBB,200
FORTY,200
FPA,200
HAIA,200
HOND,200
HWAY,200
LUCYW,200
MCHS,200
MUD,200
MYCI,200
NIVFW,200
NSI,200
OCTA,200
PSQ.W,200
PSWD,200
RNEM,200
SOXW,200
TBLAW,200
TFINP,200
UCRD,200
UCYB,200
USVN,200
AADR,100
AAM.W,100
ABLVW,100
AFJK,100
AHT-F,100
AIRL,100
ALCYU,100
ALFUU,100
AOTG,100
ARVR,100
ATMC,100
BELT,100
BFAC,100
BIO.B,100
BKIV,100
BLCR,100
BLLD,100
BRHY,100
BULD,100
CAPTW,100
CIL,100
CZAR,100
DHAIW,100
DWUS,100
ECCV,100
EFRA,100
EKG,100
EMIF,100
ERET,100
ETEC,100
EYEG,100
FATBW,100
FDTS,100
FGM,100
FINE,100
FLDB,100
FTXH,100
GECCI,100
GJS,100
GPRF,100
HECO,100
HQGO,100
HTFC,100
IBAT,100
ISHP,100
IVEG,100
IWTR,100
JDOC,100
JFBRW,100
KVACU,100
LCDS,100
LFT-A,100
LIFWZ,100
MCDS,100
MEDX,100
MKAM,100
MNTL,100
MSAIW,100
MUSE,100
MYCF,100
MYCG,100
MYCH,100
MYCK,100
MYMF,100
NCPB,100
NDAA,100
NRES,100
NUSB,100
NZUS,100
PATN,100
PEPS,100
PTEC,100
QCLR,100
QMID,100
QQJG,100
QSML,100
QTR,100
RDACU,100
RFAIR,100
RFEU,100
RNEW,100
SB-D,100
SCDS,100
SJLD,100
SPAQ,100
SSSSL,100
SVIIR,100
TFSA,100
TLTQ,100
TXSS,100
UNIY,100
UPGR,100
USCF,100
USCL,100
USFI,100
USIN,100
USRD,100
USSH,100
VGASW,100
WRND,100
XCNY,100
XFIX,100
AVS,0
BKWO,0
BMDL,0
HEJD,0
HFSP,0
IBGK,0
INFR,0
LRND,0
MYMG,0
MYMH,0
MYMI,0
MYMJ,0
NSCR,0
SJCP,0
STSB,0
